brand,car_name,car_category,fuel_type,price_str,price_num,avg_efficiency
테슬라,Model Y,승용,전기(배터리),"4,999만원",4999,5.5㎞/kWh
기아,쏘렌토,승용,가솔린,"3,631만원",3631,12.5㎞/ℓ
기아,쏘렌토,승용,하이브리드,"3,631만원",3631,12.5㎞/ℓ
기아,쏘렌토,승용,디젤,"3,631만원",3631,12.5㎞/ℓ
현대,더 뉴 그랜저,승용,LPG,"4,217만원",4217,13.05㎞/ℓ
현대,더 뉴 그랜저,승용,가솔린,"4,217만원",4217,13.05㎞/ℓ
현대,더 뉴 그랜저,승용,하이브리드,"4,217만원",4217,13.05㎞/ℓ
현대,싼타페,승용,가솔린,"3,657만원",3657,12.45㎞/ℓ
현대,싼타페,승용,하이브리드,"3,657만원",3657,12.45㎞/ℓ
기아,카니발,승용,가솔린,"3,636만원",3636,11.25㎞/ℓ
기아,카니발,승용,하이브리드,"3,636만원",3636,11.25㎞/ℓ
기아,카니발,승용,디젤,"3,636만원",3636,11.25㎞/ℓ
기아,스포티지,승용,LPG,"2,903만원",2903,12.45㎞/ℓ
기아,스포티지,승용,가솔린,"2,903만원",2903,12.45㎞/ℓ
기아,스포티지,승용,하이브리드,"2,903만원",2903,12.45㎞/ℓ
기아,EV5,승용,전기(배터리),"4,155만원",4155,4.65㎞/kWh
현대,쏘나타 디 엣지,승용,LPG,"2,560만원",2560,14.4㎞/ℓ
현대,쏘나타 디 엣지,승용,가솔린,"2,560만원",2560,14.4㎞/ℓ
현대,쏘나타 디 엣지,승용,하이브리드,"2,560만원",2560,14.4㎞/ℓ
기아,셀토스,승용,가솔린,"2,512만원",2512,15.25㎞/ℓ
기아,셀토스,승용,하이브리드,"2,512만원",2512,15.25㎞/ℓ
기아,EV3,승용,전기(배터리),"3,995만원",3995,4.85㎞/kWh
현대,포터2,화물,LPG,"2,058만원",2058,7.95㎞/ℓ
현대,포터2,화물,디젤,"2,058만원",2058,7.95㎞/ℓ
현대,디 올 뉴 팰리세이드,승용,가솔린,"4,383만원",4383,11.05㎞/ℓ
현대,디 올 뉴 팰리세이드,승용,하이브리드,"4,383만원",4383,11.05㎞/ℓ
현대,아이오닉 9,승용,전기(배터리),"6,759만원",6759,4.2㎞/kWh
기아,K8,승용,LPG,"3,529만원",3529,12.95㎞/ℓ
기아,K8,승용,가솔린,"3,529만원",3529,12.95㎞/ℓ
기아,K8,승용,하이브리드,"3,529만원",3529,12.95㎞/ℓ
기아,PV5,승용,전기(배터리),"4,100만원",4100,4.45㎞/kWh
기아,K5,승용,LPG,"2,507만원",2507,14.65㎞/ℓ
기아,K5,승용,가솔린,"2,507만원",2507,14.65㎞/ℓ
기아,K5,승용,하이브리드,"2,507만원",2507,14.65㎞/ℓ
기아,니로,승용,하이브리드,"2,927만원",2927,20.2㎞/ℓ
기아,봉고 3,화물,LPG,"2,008만원",2008,8.05㎞/ℓ
기아,봉고 3,화물,디젤,"2,008만원",2008,8.05㎞/ℓ
기아,레이,초소형,가솔린,"1,480만원",1480,12.8㎞/ℓ
BMW,5 Series,승용,가솔린,"6,350만원",6350,13.5㎞/ℓ
BMW,5 Series,승용,하이브리드,"6,350만원",6350,13.5㎞/ℓ
BMW,5 Series,승용,디젤,"6,350만원",6350,13.5㎞/ℓ
제네시스,GV80,승용,가솔린,"6,886만원",6886,8.5㎞/ℓ
벤츠,E-Class,승용,가솔린,"6,200만원",6200,12.3㎞/ℓ
벤츠,E-Class,승용,하이브리드,"6,200만원",6200,12.3㎞/ℓ
벤츠,E-Class,승용,디젤,"6,200만원",6200,12.3㎞/ℓ
현대,아이오닉 5,승용,전기(배터리),"4,735만원",4735,4.8㎞/kWh
제네시스,G80,승용,가솔린,"6,063만원",6063,9.4㎞/ℓ
제네시스,GV70,승용,가솔린,"5,318만원",5318,9.25㎞/ℓ
현대,투싼,승용,가솔린,"2,844만원",2844,13.7㎞/ℓ
현대,투싼,승용,하이브리드,"2,844만원",2844,13.7㎞/ℓ
현대,투싼,승용,디젤,"2,844만원",2844,13.7㎞/ℓ
현대,코나,승용,가솔린,"2,393만원",2393,15.5㎞/ℓ
현대,코나,승용,하이브리드,"2,393만원",2393,15.5㎞/ℓ
현대,더 뉴 스타리아,승용,LPG,"3,259만원",3259,9.65㎞/ℓ
현대,더 뉴 스타리아,승용,하이브리드,"3,259만원",3259,9.65㎞/ℓ
기아,모닝,초소형,가솔린,"1,386만원",1386,14.9㎞/ℓ
르노코리아,그랑 콜레오스,승용,가솔린,"3,546만원",3546,12.75㎞/ℓ
르노코리아,그랑 콜레오스,승용,하이브리드,"3,546만원",3546,12.75㎞/ℓ
기아,레이 EV,초소형,전기(배터리),"2,807만원",2807,5.1㎞/kWh
현대,디 올 뉴 아반떼,승용,가솔린,"2,249만원",2249,17.45㎞/ℓ
현대,디 올 뉴 아반떼,승용,하이브리드,"2,249만원",2249,17.45㎞/ℓ
기아,EV4,승용,전기(배터리),"4,042만원",4042,5.15㎞/kWh
BMW,3 Series,승용,가솔린,"5,180만원",5180,12.6㎞/ℓ
BMW,3 Series,승용,디젤,"5,180만원",5180,12.6㎞/ℓ
기아,EV9,승용,전기(배터리),"6,197만원",6197,3.9㎞/kWh
BMW,X3,승용,가솔린,"6,640만원",6640,12.3㎞/ℓ
BMW,X3,승용,디젤,"6,640만원",6640,12.3㎞/ℓ
기아,EV6,승용,전기(배터리),"4,360만원",4360,4.65㎞/kWh
현대,베뉴,승용,가솔린,"1,660만원",1660,13.5㎞/ℓ
쉐보레,트랙스 크로스오버,승용,가솔린,"2,199만원",2199,12.35㎞/ℓ
현대,캐스퍼,초소형,가솔린,"1,460만원",1460,13.3㎞/ℓ
BMW,X5,승용,가솔린,"1억 1,020만원",11020,10.35㎞/ℓ
BMW,X5,승용,하이브리드,"1억 1,020만원",11020,10.35㎞/ℓ
BMW,X5,승용,디젤,"1억 1,020만원",11020,10.35㎞/ℓ
테슬라,Model 3,승용,전기(배터리),"4,699만원",4699,5.25㎞/kWh
현대,스타리아 일렉트릭,승용,전기(배터리),"5,792만원",5792,4㎞/kWh
현대,더 뉴 아이오닉 6,승용,전기(배터리),"4,856만원",4856,5.45㎞/kWh
아우디,The new A6,승용,가솔린,"5,890만원",5890,12.15㎞/ℓ
아우디,The new A6,승용,디젤,"5,890만원",5890,12.15㎞/ℓ
KGM,무쏘,화물,가솔린,"2,990만원",2990,8.9㎞/ℓ
KGM,무쏘,화물,디젤,"2,990만원",2990,8.9㎞/ℓ
벤츠,GLC-Class,승용,가솔린,"7,645만원",7645,11.4㎞/ℓ
벤츠,GLC-Class,승용,디젤,"7,645만원",7645,11.4㎞/ℓ
기아,타스만,화물,가솔린,"3,399만원",3399,7.8㎞/ℓ
KGM,티볼리,승용,LPG+가솔린,"2,057만원",2057,10.7㎞/ℓ
KGM,티볼리,승용,가솔린,"2,057만원",2057,10.7㎞/ℓ
르노코리아,필랑트,승용,하이브리드,"4,395만원",4395,15.1㎞/ℓ
토요타,All New RAV4,승용,하이브리드,"4,990만원",4990,17.15㎞/ℓ
제네시스,G70,승용,가솔린,"4,500만원",4500,11.65㎞/ℓ
제네시스,G70,승용,디젤,"4,500만원",4500,11.65㎞/ℓ
르노코리아,아르카나,승용,가솔린,"2,677만원",2677,15.1㎞/ℓ
르노코리아,아르카나,승용,하이브리드,"2,677만원",2677,15.1㎞/ℓ
아우디,The new Q5,승용,가솔린,"5,273만원",5273,11.05㎞/ℓ
아우디,The new Q5,승용,디젤,"5,273만원",5273,11.05㎞/ℓ
벤츠,GLE-Class,승용,가솔린,1억 620만원,10620,9.6㎞/ℓ
벤츠,GLE-Class,승용,하이브리드,1억 620만원,10620,9.6㎞/ℓ
벤츠,GLE-Class,승용,디젤,1억 620만원,10620,9.6㎞/ℓ
BMW,iX3,승용,전기(배터리),"7,990만원",7990,4.8㎞/kWh
제네시스,G90,승용,가솔린,"9,748만원",9748,8.65㎞/ℓ
KGM,뉴 토레스,승용,LPG+가솔린,"2,765만원",2765,12.3㎞/ℓ
KGM,뉴 토레스,승용,가솔린,"2,765만원",2765,12.3㎞/ℓ
KGM,뉴 토레스,승용,하이브리드,"2,765만원",2765,12.3㎞/ℓ
BMW,7 Series,승용,가솔린,"1억 4,220만원",14220,12.65㎞/ℓ
BMW,7 Series,승용,하이브리드,"1억 4,220만원",14220,12.65㎞/ℓ
BMW,7 Series,승용,디젤,"1억 4,220만원",14220,12.65㎞/ℓ
벤츠,The New S-Class,승용,가솔린,"1억 5,400만원",15400,10.4㎞/ℓ
벤츠,The New S-Class,승용,디젤,"1억 5,400만원",15400,10.4㎞/ℓ
KGM,액티언,승용,LPG+가솔린,"3,567만원",3567,11.9㎞/ℓ
KGM,액티언,승용,가솔린,"3,567만원",3567,11.9㎞/ℓ
KGM,액티언,승용,하이브리드,"3,567만원",3567,11.9㎞/ℓ
렉서스,NX,승용,하이브리드,"6,783만원",6783,14.2㎞/ℓ
현대,캐스퍼 일렉트릭,승용,전기(배터리),"2,787만원",2787,5.45㎞/kWh
현대,포터2 일렉트릭,화물,전기(배터리),"4,350만원",4350,2.9㎞/kWh
현대,코나 일렉트릭,승용,전기(배터리),"4,152만원",4152,5.1㎞/kWh
BMW,X7,승용,가솔린,"1억 4,487만원",14487,8.45㎞/ℓ
BMW,X7,승용,디젤,"1억 4,487만원",14487,8.45㎞/ℓ
볼보,ES90,승용,전기(배터리),"7,294만원",7294,4.45㎞/kWh
벤츠,Electric CLA,승용,전기(배터리),"5,290만원",5290,4.9㎞/kWh
볼보,XC60,승용,가솔린,"6,570만원",6570,11.2㎞/ℓ
볼보,XC60,승용,하이브리드,"6,570만원",6570,11.2㎞/ℓ
렉서스,RX,승용,하이브리드,"8,790만원",8790,12.35㎞/ℓ
볼보,EX30,승용,전기(배터리),"3,991만원",3991,4.8㎞/kWh
폭스바겐,Golf,승용,가솔린,"4,084만원",4084,14.05㎞/ℓ
폭스바겐,Golf,승용,디젤,"4,084만원",4084,14.05㎞/ℓ
BMW,i5,승용,전기(배터리),"8,490만원",8490,4.3㎞/kWh
렉서스,All New ES Electric,승용,전기(배터리),"7,160만원",7160,5.55㎞/kWh
미니,Cooper,승용,가솔린,"3,340만원",3340,12.35㎞/ℓ
벤츠,CLE,승용,가솔린,"7,287만원",7287,10.6㎞/ℓ
현대,아반떼 N,승용,가솔린,"3,356만원",3356,10.5㎞/ℓ
벤츠,S-Class,승용,가솔린,"1억 3,950만원",13950,10.2㎞/ℓ
벤츠,S-Class,승용,하이브리드,"1억 3,950만원",13950,10.2㎞/ℓ
벤츠,S-Class,승용,디젤,"1억 3,950만원",13950,10.2㎞/ℓ
벤츠,C-Class,승용,가솔린,"5,599만원",5599,11.55㎞/ℓ
토요타,Camry,승용,하이브리드,"4,843만원",4843,17.1㎞/ℓ
KGM,무쏘 EV,화물,전기(배터리),"4,800만원",4800,3.8㎞/kWh
아우디,The new A5,승용,가솔린,"4,844만원",4844,11.85㎞/ℓ
아우디,The new A5,승용,디젤,"4,844만원",4844,11.85㎞/ℓ
토요타,Alphard,승용,하이브리드,"8,790만원",8790,13.5㎞/ℓ
KGM,토레스 EVX,승용,전기(배터리),"4,470만원",4470,4.8㎞/kWh
BMW,4 Series,승용,가솔린,"6,140만원",6140,11.65㎞/ℓ
제네시스,GV60,승용,전기(배터리),"6,490만원",6490,4.55㎞/kWh
BMW,X6,승용,가솔린,"1억 1,980만원",11980,9.85㎞/ℓ
BMW,X6,승용,디젤,"1억 1,980만원",11980,9.85㎞/ℓ
폭스바겐,ID.5,승용,전기(배터리),"4,452만원",4452,5.1㎞/kWh
제네시스,Electrified GV70,승용,전기(배터리),"7,580만원",7580,4.5㎞/kWh
기아,봉고 3 EV,화물,전기(배터리),"4,345만원",4345,2.9㎞/kWh
기아,K9,승용,가솔린,"6,034만원",6034,8.55㎞/ℓ
BMW,X1,승용,가솔린,"5,140만원",5140,12.4㎞/ℓ
BMW,X1,승용,디젤,"5,140만원",5140,12.4㎞/ℓ
쉐보레,트레일블레이저,승용,가솔린,"2,796만원",2796,12.25㎞/ℓ
BMW,iX1,승용,전기(배터리),"5,920만원",5920,4.65㎞/kWh
폭스바겐,ID.4,승용,전기(배터리),"4,452만원",4452,4.8㎞/kWh
볼보,S90,승용,가솔린,"6,530만원",6530,12.25㎞/ℓ
볼보,S90,승용,하이브리드,"6,530만원",6530,12.25㎞/ℓ
볼보,EX90,승용,전기(배터리),1억 620만원,10620,3.85㎞/kWh
벤츠,G-Class,승용,가솔린,"1억 9,490만원",19490,7.9㎞/ℓ
벤츠,G-Class,승용,디젤,"1억 9,490만원",19490,7.9㎞/ℓ
아우디,A3,승용,가솔린,"3,780만원",3780,10.65㎞/ℓ
BMW,i4,승용,전기(배터리),"6,960만원",6960,4.4㎞/kWh
KGM,렉스턴 뉴 아레나,승용,디젤,"4,056만원",4056,10.9㎞/ℓ
렉서스,ES,승용,하이브리드,"6,725만원",6725,17㎞/ℓ
지프,Wrangler,승용,가솔린,"6,370만원",6370,9.75㎞/ℓ
지프,Wrangler,승용,하이브리드,"6,370만원",6370,9.75㎞/ℓ
토요타,Crown,승용,하이브리드,"5,963만원",5963,14.1㎞/ℓ
렉서스,UX,승용,하이브리드,"5,283만원",5283,16.5㎞/ℓ
렉서스,UX,승용,전기(배터리),"5,283만원",5283,16.5㎞/ℓ
BMW,X4,승용,가솔린,"6,530만원",6530,10.4㎞/ℓ
BMW,X4,승용,디젤,"6,530만원",6530,10.4㎞/ℓ
제네시스,Electrified G80,승용,전기(배터리),"8,468만원",8468,4.4㎞/kWh
아우디,A6,승용,가솔린,"7,098만원",7098,11.4㎞/ℓ
아우디,A6,승용,디젤,"7,098만원",7098,11.4㎞/ℓ
BMW,2 Series Gran Coupe,승용,가솔린,"4,160만원",4160,11.45㎞/ℓ
볼보,XC90,승용,가솔린,"8,820만원",8820,10.25㎞/ℓ
볼보,XC90,승용,하이브리드,"8,820만원",8820,10.25㎞/ℓ
BMW,1 Series,승용,가솔린,"4,084만원",4084,11.15㎞/ℓ
아우디,Q4 e-tron,승용,전기(배터리),"6,630만원",6630,4.45㎞/kWh
BMW,2 Series Active Tourer,승용,가솔린,"4,590만원",4590,14㎞/ℓ
BMW,2 Series Active Tourer,승용,디젤,"4,590만원",4590,14㎞/ℓ
BMW,iX,승용,전기(배터리),"1억 1,430만원",11430,3.75㎞/kWh
토요타,Prius,승용,하이브리드,"4,413만원",4413,20.15㎞/ℓ
볼보,XC40,승용,가솔린,"5,230만원",5230,10.2㎞/ℓ
랜드로버,Range Rover Sport,승용,가솔린,"1억 3,800만원",13800,8.75㎞/ℓ
랜드로버,Range Rover Sport,승용,하이브리드,"1억 3,800만원",13800,8.75㎞/ℓ
랜드로버,Range Rover Sport,승용,디젤,"1억 3,800만원",13800,8.75㎞/ℓ
BMW,i7,승용,전기(배터리),"1억 4,350만원",14350,3.55㎞/kWh
현대,ST1,화물,전기(배터리),"5,655만원",5655,3.55㎞/kWh
랜드로버,Range Rover,승용,가솔린,"2억 4,970만원",24970,8.45㎞/ℓ
랜드로버,Range Rover,승용,하이브리드,"2억 4,970만원",24970,8.45㎞/ℓ
랜드로버,Range Rover,승용,디젤,"2억 4,970만원",24970,8.45㎞/ℓ
토요타,Sienna,승용,하이브리드,"7,630만원",7630,14.1㎞/ℓ
랜드로버,Defender,승용,가솔린,"1억 1,280만원",11280,8.45㎞/ℓ
랜드로버,Defender,승용,디젤,"1억 1,280만원",11280,8.45㎞/ℓ
미니,Countryman,승용,가솔린,"4,251만원",4251,10.55㎞/ℓ
BMW,iX2,승용,전기(배터리),"6,070만원",6070,5.05㎞/kWh
아우디,Q6 e-tron,승용,전기(배터리),"9,522만원",9522,4.05㎞/kWh
벤츠,GLS-Class,승용,가솔린,"1억 5,092만원",15092,8.2㎞/ℓ
벤츠,GLS-Class,승용,디젤,"1억 5,092만원",15092,8.2㎞/ℓ
미니,Mini Electric,승용,전기(배터리),"4,791만원",4791,5.15㎞/kWh
벤츠,The New Maybach S-Class,승용,가솔린,"3억 1,700만원",31700,7.7㎞/ℓ
아우디,A6 e-tron,승용,전기(배터리),"9,459만원",9459,4.5㎞/kWh
아우디,Q8,승용,가솔린,1억 262만원,10262,8.3㎞/ℓ
아우디,Q8,승용,디젤,1억 262만원,10262,8.3㎞/ℓ
혼다,CR-V,승용,가솔린,"5,490만원",5490,13.6㎞/ℓ
혼다,CR-V,승용,하이브리드,"5,490만원",5490,13.6㎞/ℓ
벤츠,The New AMG GT,승용,가솔린,"1억 3,605만원",13605,7.9㎞/ℓ
벤츠,The New AMG GT,승용,하이브리드,"1억 3,605만원",13605,7.9㎞/ℓ
미니,Countryman Electric,승용,전기(배터리),"5,714만원",5714,4.85㎞/kWh
아우디,Q7,승용,가솔린,"9,012만원",9012,8.6㎞/ℓ
아우디,Q7,승용,디젤,"9,012만원",9012,8.6㎞/ℓ
BMW,Z4,승용,가솔린,"7,010만원",7010,10.45㎞/ℓ
BMW,M3,승용,가솔린,"1억 2,900만원",12900,8.05㎞/ℓ
포드,Mustang,승용,가솔린,"5,810만원",5810,8.4㎞/ℓ
포드,Explorer,승용,가솔린,"7,870만원",7870,8.4㎞/ℓ
BMW,M5,승용,하이브리드,"1억 6,320만원",16320,12.2㎞/ℓ
벤츠,Maybach S-Class,승용,가솔린,"2억 8,847만원",28847,7.2㎞/ℓ
폭스바겐,Atlas,승용,가솔린,"6,904만원",6904,8.5㎞/ℓ
미니,Aceman,승용,전기(배터리),"4,781만원",4781,5.4㎞/kWh
BMW,8 Series,승용,가솔린,"1억 3,210만원",13210,7.65㎞/ℓ
폭스바겐,Touareg,승용,디젤,1억 835만원,10835,10.8㎞/ℓ
토요타,GR 86,승용,가솔린,"4,360만원",4360,9.5㎞/ℓ
현대,아이오닉 5 N,승용,전기(배터리),"7,879만원",7879,3.7㎞/kWh
벤츠,CLA-Class,승용,가솔린,"5,999만원",5999,10.6㎞/ℓ
벤츠,EQE SUV,승용,전기(배터리),"9,646만원",9646,4㎞/kWh
BMW,M4,승용,가솔린,"1억 3,350만원",13350,8.1㎞/ℓ
혼다,Accord,승용,가솔린,"5,590만원",5590,14.8㎞/ℓ
혼다,Accord,승용,하이브리드,"5,590만원",5590,14.8㎞/ℓ
벤츠,A-Class,승용,가솔린,"4,383만원",4383,10.8㎞/ℓ
아우디,A8,승용,가솔린,1억 602만원,10602,9.5㎞/ℓ
아우디,A8,승용,디젤,1억 602만원,10602,9.5㎞/ℓ
제네시스,GV60 MAGMA,승용,전기(배터리),"9,788만원",9788,3.7㎞/kWh
아우디,The new Q3,승용,가솔린,"5,310만원",5310,9.6㎞/ℓ
벤츠,EQA,승용,전기(배터리),"6,020만원",6020,5㎞/kWh
BMW,M2,승용,가솔린,"8,740만원",8740,8.5㎞/ℓ
렉서스,LM,승용,하이브리드,"1억 4,800만원",14800,10.1㎞/ℓ
볼보,EX30 CC,승용,전기(배터리),"4,812만원",4812,4.4㎞/kWh
볼보,V60 Cross Country,승용,가솔린,"6,450만원",6450,9.9㎞/ℓ
현대,아이오닉 6 N,승용,전기(배터리),"7,990만원",7990,4.2㎞/kWh
BMW,2 Series,승용,가솔린,"6,790만원",6790,10.4㎞/ℓ
미니,Convertible,승용,가솔린,"4,646만원",4646,11.9㎞/ℓ
랜드로버,Discovery,승용,가솔린,"9,950만원",9950,9.15㎞/ℓ
랜드로버,Discovery,승용,디젤,"9,950만원",9950,9.15㎞/ℓ
토요타,RAV4,승용,하이브리드,"4,415만원",4415,15.1㎞/ℓ
렉서스,LX,승용,하이브리드,"1억 6,740만원",16740,8㎞/ℓ
BMW,XM,승용,하이브리드,"2억 1,140만원",21140,10㎞/ℓ
벤츠,AMG GT,승용,가솔린,"1억 4,924만원",14924,7.75㎞/ℓ
렉서스,LS,승용,가솔린,"1억 4,670만원",14670,8.75㎞/ℓ
렉서스,LS,승용,하이브리드,"1억 4,670만원",14670,8.75㎞/ℓ
아우디,The new e-tron GT,승용,전기(배터리),"1억 7,012만원",17012,3.55㎞/kWh
벤츠,Maybach GLS,승용,가솔린,"2억 8,025만원",28025,6.25㎞/ℓ
BMW,X2,승용,가솔린,"6,270만원",6270,10.45㎞/ℓ
벤츠,EQB,승용,전기(배터리),"6,888만원",6888,4.1㎞/kWh
벤츠,All New CLA-Class,승용,가솔린,"5,990만원",5990,16.2㎞/ℓ
벤츠,SL-Class,승용,가솔린,"1억 5,700만원",15700,7.55㎞/ℓ
랜드로버,Range Rover Velar,승용,가솔린,"9,530만원",9530,8.65㎞/ℓ
랜드로버,Range Rover Velar,승용,하이브리드,"9,530만원",9530,8.65㎞/ℓ
벤츠,GLA-Class,승용,가솔린,"6,090만원",6090,10.85㎞/ℓ
포드,Bronco,승용,가솔린,"7,420만원",7420,8.3㎞/ℓ
지프,Grand Cherokee,승용,가솔린,"8,730만원",8730,9.7㎞/ℓ
지프,Grand Cherokee,승용,하이브리드,"8,730만원",8730,9.7㎞/ℓ
토요타,Highlander,승용,가솔린,"7,513만원",7513,13.8㎞/ℓ
벤츠,EQE,승용,전기(배터리),"1억 1,000만원",11000,3.95㎞/kWh
벤츠,Maybach SL,승용,가솔린,"3억 3,712만원",33712,6.5㎞/ℓ
포드,Expedition,승용,가솔린,"1억 2,500만원",12500,6.8㎞/ℓ
벤츠,EQS SUV,승용,전기(배터리),"1억 4,940만원",14940,3.6㎞/kWh
BMW,M8,승용,가솔린,"2억 5,180만원",25180,7.45㎞/ℓ
벤츠,Electric G-Class,승용,전기(배터리),"2억 1,610만원",21610,3㎞/kWh
벤츠,GLB-Class,승용,가솔린,"6,430만원",6430,11.7㎞/ℓ
벤츠,GLB-Class,승용,디젤,"6,430만원",6430,11.7㎞/ℓ
랜드로버,Range Rover Evoque,승용,가솔린,"7,720만원",7720,8.9㎞/ℓ
벤츠,Maybach EQS SUV,승용,전기(배터리),"2억 3,500만원",23500,3.45㎞/kWh
BMW,X5 M,승용,가솔린,"1억 6,860만원",16860,6.9㎞/ℓ
BMW,X6 M,승용,가솔린,"1억 7,920만원",17920,7㎞/ℓ
혼다,New Pilot,승용,가솔린,"8,020만원",8020,8.3㎞/ℓ
벤츠,EQS,승용,전기(배터리),"1억 4,900만원",14900,4.1㎞/kWh
지프,Gladiator,화물,가솔린,"7,310만원",7310,6.4㎞/ℓ
혼다,Odyssey,승용,가솔린,"6,550만원",6550,9㎞/ℓ
랜드로버,Discovery Sport,승용,가솔린,"8,110만원",8110,8.2㎞/ℓ
혼다,Pilot,승용,가솔린,"6,810만원",6810,8.35㎞/ℓ
