카테고리,질문,답변
구매 관련,근저당 설정 해지 방법 및 절차를 알고싶습니다.,"자동차 근저당 설정 해지는 할부를 진행한 할부사의 지점을 방문하여 근저당 설정 해지 서류를 받으신 다음에 해당 관청(시청, 구청, 군청)의 차량 등록 사업부의 저당 설정 해지 창구에 제출하시면 됩니다."
구매 관련,저공해 증명서 재발급 철차 및 장소를 알고싶습니다.,"저공해 자동차 증명서는 차량 구입을 담당한 전시장을 통해 재 발급이 가능합니다.
차량 구입을 담당한 전시장이 폐점되어 재 발급이 어려운 경우에는 한국지엠 고객센터(☎ 080-3000-5000)로 연락주시기 바랍니다."
구매 관련,재고차 구입 조건시 할인율을 알고싶습니다.,쉐보레 전시장을 통해 자세한 상담 받아주시기 바랍니다.
구매 관련,신차 구입시 출고 예정일 확인 방법을 알고싶습니다.,"출고예정일은 고객님께서 선택하신 차종, 옵션, 색상 등에 따라 다소 차이가 있습니다.
차량 구입을 담당한 전시장(카매니저)을 통해 상담 받아주시길 부탁 드립니다."
구매 관련,할부금 중도 상환 방법을 알고싶습니다.,"할부금 중도 상환은 가능하며, 중도상환에 따른 수수료가 발생됩니다.
할부금 잔액과 수수료, 납입 방법 관련해서는 이용하시는 할부사를 통해 자세한 상담 받아보시기 바랍니다."
구매 관련,신차 구입시 신용카드 사용과 캐피탈 이용 동시에 가능 여부를 알고싶습니다.,신용카드 결제와 할부사 이용을 중복하여 사용 가능합니다. (계약자 본인 카드만 가능)
구매 관련,신차 구입시 신용카드 복수 사용 여부를 알고싶습니다.,"자동차 구입시 신용카드를 이용한 결제는 신용카드 개수에 제한 없이 결제 가능하고, 고객님 신용카드 한도 내에서 희망하시는 금액까지 자유로운 결제가 가능합니다. (자세한 내용은 담당 카매니저에게 문의하시기 바랍니다)"
구매 관련,구입시 계약자와 신용카드 계약자 명의는 어떻게 해야하나요?,"여신전문금융법에 의해 결제권자와 소유권자는 동일해야 하며, 신차 구입시 신용카드 결제는 본인명의 카드로만 결제 가능합니다."
구매 관련,신용카드로 차량 구입시 소득공제 여부를 알고싶습니다.,조세특례제한법에 의거 신규로 출고되는 자동차 구입시 신용카드 금액은 소득공제 대상에서 제외됩니다.
구매 관련,할부를 진행하는 캐피탈사를 확인하는 방법은 무엇입니까?,차량 구입을 상담한 전시장에 문의하시기 바랍니다.
구매 관련,신차 구입시 기존 차량 중고 매매는 어떻게 해야하나요?,"중고차 처리 부분은 한국지엠에서 공식적으로 처리해드릴 수 있는 업무가 아닙니다. 따라서 고객분이 중고차를 처분하고 신규차를 구입하기를 원하는 경우에는, 우선 고객분께서 중고차업자와 직접 매매계약을 체결하시면 됩니다.
만약 고객분께서 중고차 업자를 모르시는 경우에는, 카매니저에게 중고차 업자를 소개 부탁 하실 수는 있습니다. 이 경우에는 카매니저는 고객관리 차원에서 중고차 업자를 고객분께 소개하고, 고객은 공정하게 중고차 가격을 평가 받을 수 있도록 조언을 받을 수 있을 것입니다.
그러나 어떠한 경우에도 카매니저는 중고차 업자의 소개에 따른 소개비, 알선료 등을 요구해서도 받아서도 안됩니다. 이유는 한국지엠은 신조차만을 판매해야 하며, 중고차 판매는 할 수 없도록 되어 있습니다."
구매 관련,신차 구매시 현급영수증 발급받으려면 어떻게 해야하나요?,조세특례제한법에 의거 신차구입시 사용한 금액은 소득공제 대상에서 제외되며 현금영수증 발급되지 않습니다.
구매 관련,부가세 환급 대상 및 환급 철차는 어떻게 되나요?,"차량 구입시 부가가치세를 환급받으려면 부가가치세를 내는 사업자만 적용됩니다
- 대상차종 : 1000cc 이하 차종(스파크, 다마스, 라보)"
구매 관련,환경개선 부담금 면제 대상차량은 무엇입니까?,"▶ 크루즈, 올란도, 캡티바 차량중 디젤 해당(유로5 차량) 됩니다."
구매 관련,세금계산서 발급 절차 / 발급장소를 알고싶습니다.,"세금계산서는 차량 출고시 지급하면 됩니다.
- 추가 발급이 필요하면 구매 전시장 카매니저에게 문의(재발급으로 발행)하시면 됩니다."
구매 관련,세금관련 내용에 대해 알고싶습니다.,구매가이드 → 구매절차안내 → 세금제도를 참조하시면 됩니다.
구매 관련,"직접 출고 받는 방법, 필요 서류, 대리인 가능한지 알고 싶습니다.","직접 출고사무소(인천,군산,창원,천안,왜관)를 방문 가능합니다.
- 본인 방문시 : 신분증 지참하시면 됩니다.
- 대리인 방문시 : 신분증 지참 및 구입 전시장에 인적사항 제출하시면 됩니다."
구매 관련,신차 구입시 발생되는 세금의 종류와 비용은 무엇입니까?,"○ 자동차 세금은 배기량에 따라서 금액이 책정되며, 신차 구입시 개별소비세, 부가가치세(10%),통합취득세(부가가치세를 제외한 차량가의 7%)가 적용됩니다."
구매 관련,"신차 구입시 할인 받을 수 있는 방법 (오토카드, 로열티, 쉐보레 멤버스 등)은 무엇입니까?","▶ 오토카드
- 쉐보레 삼성카드 및 쉐보레 롯데카드에 적립되어 있는 오토포인트는 차량 구입시 최대 200만 포인트까지 사용 가능합니다. (부모/배우자/자녀 포인트 합산 사용 가능)
- 쉐보레 삼성카드 및 쉐보레 롯데카드 선포인트 서비스를 이용하시면 최대 30만원까지 미리 차감한 금액으로 차량 구입이 가능합니다. (단, 스파크, 트랙스 크로스오버, 트레일블레이저에 한하여 선포인트 서비스가 제공됩니다.)
▶ 재구매 할인 프로그램
- 93년도 이후 신 차 구입 이력이 있는 쉐보레 멤버스 고객의 경우, 내 명의로 2회 구입 시부터 20만원 할인이 되며, 최대 5회 구입 시 50만원까지 할인이 됩니다.
- 스파크, 트랙스 크로스오버 구매 시에는 재구매 할인 금액에서 10만원씩 차감됩니다.
* 보다 자세한 사항은 쉐보레 컴플리트 케어 → 쉐보레 멤버스 페이지를 참조하여 주시기 바랍니다."
구매 관련,계약해지시 계약금 환불 규정 및 환불 기간은 어떻게 되나요?,환불의 경우 1~3일정도 소요됩니다.(토/일/법정 공휴일 미포함)
구매 관련,신차 등록 절차는 어떻게 되나요?,"○ 보험가입 영수증
○ 신규 등록 서류 구비(자동차 제작증, 세금계산서, 임시운행허가증, 임시운행번호판) → 단, 임시운행번호판 미발급시 임시운행허가증, 임시운행번호판 해당 되지않습니다.
○ 차량 등록절차
- 신규등록 서류 접수 → 등록 부대비용 고지서 발급 → 통합취득세, 공채매입필증, 안전협회비, 번호판 부착대 납부 → 자동차 등록증과 번호판 수령 → 자동차 번호판 봉인의 절차로 이루어집니다."
구매 관련,차량 구입시 필요한 서류는 무엇입니까?,"○ 현금 구매시
- 개인의 경우
→ 신분 확인을 위한 증명서(신분증) 제시 필요합니다.
- 개인사업자 및 법인사업자의 경우
→ 개인사업자 : 신분증, 사업자등록증 사본 1통
→ 법인사업자 : 법인사업자 등록증 사본 1통
○ 할부구매시(개인)
- 인감증명서2통(대출신청용 1통, 근저당설정용 1통)
- 주민등록등본1통(대출신청용)
- 신분증(주민등록증 or 운전면허증)
- 각종증빙자료 해당자격에 따라 제출하면됩니다.
→ 재직증명서 사본, 근로소득원천징수영수증사본, 재산세 과세증명서
○ 할부구매시(개인사업자의 경우)
- 개인고객의 구비서류에 추가하여 사업자등록증 사본 1통 필요합니다.
○ 할부구매시(법인사업자의 경우)
- 법인인감증명서 2통(대출신청용 1통 ,차량 근저당설정용 1통)
- 사업자등록증 사본 1통
- 법인등기부등본 1통
- 각종 증빙서류 1통(제무제표증명원)
- 법인대표 인감증명서 2통(대출신청용 1통 ,차량 근저당설정용 1통)
- 법인 대표자 신분증(주민등록증 or 운전면허증)
- 각종 증빙자료 (재산세 과세 증명서 1통)
○ 연대보증인의 경우
- 인감증명서(대출신청 연대보증용 1통)
- 신분증 사본(주민등록증 or 운전면허증)
- 각종 증빙자료 해당자격에 따라 제출하면 됩니다."
구매 관련,쉐보레가 Global 타 메이커 대비 내세울만한 기술은 무엇인가요?,"쉐보레는 100년 전통의 축적된 기술력을 보유하고 있으며, 이를 바탕으로 2010년 하반기 전기차 Volt를 본격 양산하여 북미에서 판매를 시작하였으며, 북미에서 2011년 올해의 차로 선정되었습니다. 한국에 쉐보레 브랜드 도입을 계기로 더욱 선진 기술도입의 기회가 많아지는 장점을 가지게 됩니다.
아울러, 한국에서 글로벌 쉐보레 브랜드의 Mini, GSV 및 GCV등에 대한 신기술 개발을 담당하게 되어 GM의 글로벌 소형차 부문의 기술 개발 능력을 선도하는 위치를 가지게 됩니다."
구매 관련,중고차 반납일이 도래되었는데 반납방법이 어떻게 되나요?,"보장금액 최종납입일 15일전까지 출고거점에 통보해주시면 , 반납차량 검수/감가금액 확정 후 최종납입일을 기준으로하여 반납일자/장소 등을 관할거점에서 별도 통보해드립니다.
>> 반납 시 구비서류
1) 자동차등록증 원본 및 자동차등록원부 갑부 (반납일 기준 1개월 이내)
2) 지방세/자동차세 완납증명서 또는 납입영수증사본
3) 해당차량 책입보험료 납입영수증 사본 또는 보험료 납입증명서
4) 주민등록등본 1부
5) 인감증명서 2부 (대리인 반납시 3부) 및 인감도장이전/말소등록 위임장 (중고차 수출판매) 1부: 양식 해당거점에 비치
6) 양도행위 위임장(중고차 내수판매) 1부: 양식해당거점에 비치
7) 자동차 양도증명서(계약서, 중고차 수출판매) 1부: 양식해당거점에 비치
8) 차량반납시 대리인일 경우 일체의 권리를 위임하는 위임장 첨부:양식해당거점에 비치
※ 대리인: 가족관계 증빙서류 구비 - 신분증 구비
9) 중고차가격보장에 관한 약정서 원본 (분실시 분실확인서 첨부) : 양식해당거점에 비치
견적 상담 신청"
차량 관리,유로5 디젤 엔진 장착 차량 운행 중에 DPF 재생 알림등이 점등됩니다. DPF가 어떤 내용인가요?,"크루즈 디젤, 캡티바, 올란도 고객님, 쉐보레 차량을 운행해 주셔서 진심으로 감사 드립니다.
차량을 운행하시다 보면 계기판 상에 DPF 재생 알림등이 점등되거나 깜박거리는 경우가 있습니다. 이는 차량에 문제가 있는 것이 아니오니 안심하시고 시속 60km 이상으로 약 20여분 정속 주행하시면 자동으로 DPF 재생 알림등이 소등됩니다.
해당 운행 정보 참고하시어, 안전 운전 하시기 바랍니다.
DPF 재생 알림등 점등 원리: DPF는 디젤엔진의 배기가스 중 외부로 배출되는 매연을 저감시켜 주는 장치로, DPF에 매연이 과도하게 축적되면 DPF재생을 통해 자기 정화 기능을 수행합니다.
보통 전자제어컴퓨터가 최적의 조건을 판단하여 자동적으로 DPF재생을 수행하나, 자동 재생이 되지 않았을 경우 보다 효율적인 재생을 위해 전자제어컴퓨터가 주행모드를 변경하거나 시동을 끄고 켜는 것을 자제할 것을 요청할 수 있습니다.
이 경우, DPF 재생 알림등이 점등되거나 깜박거리며 운전자에게 알람을 주게 됩니다.
이는 모든 디젤 차량에서 일반적인 현상으로 알려드린 대로 주행모드를 변경하시면 DPF 재생이 이루어지면서 소등이 됩니다."
차량 관리,내비게이션 업그레이드 방법은 무엇입니까?,"· 대성엘텍 및 S&T 대우 내비게이션 (크루즈, 말리부, ALL NEW 말리부, 올란도, 캡티바, 임팔라, 카마로SS, 알페온, 윈스톰, 토스카)
내비게이션 업데이트는 www.rousen.com/gm 를 통해 다운로드 받아주시거나, 쉐보레 직영 서비스센터로 방문하여 업데이트를 받아보시기 바랍니다.(고객지원센터☎ 02-838-0777)
차종 및 내비게이션 모델에 따라 CD를 구입하여 업데이트를 하는 방식도 있으니 보다 자세한 사항은 한국지엠 고객 센터(☎ 080-3000-5000)로 문의하시면 상세히 안내 받아보실 수 있습니다."
차량 관리,시동 키가 돌아가지 않을때(핸들잠김) 해결방법은 무엇입니까?,"대부분의 경우 이런 현상이 일어나는 원인은 키를 꽂아두지 않은 상태 즉, 시동을 끈 상태에서 핸들을 돌렸을 경우 핸들이 잠기는 현상이 발생합니다.
이는 도난방지를 위한 하나의 방편인데, 이때는 키가 돌아가지 않아서 시동이 걸리지 않습니다.
이때 핸들을 푸는 방법은 왼손으로 핸들의 좌측상 단부를 잡고 시계 반대방향으로 힘껏 당기면서(돌리듯) 오른손으로 키를 돌리면 시동이 걸리면서 핸들이 풀립니다."
차량 관리,정비 예약은 어떻게 해야하나요?,"인터넷 정비 예약은 쉐보레 멤버스 고객께 제공되는 서비스입니다.
우선은 쉐보레 멤버스에 가입을 하신 후 쉐보레 홈페이지의 쉐비케어 → 정비서비스 → 서비스센터 찾기 및 예약에서 가능합니다."
차량 관리,차량 정비시 정비 비용 할인 방법은 무엇입니까?,"▶ 굿모닝 예약 할인
오전 8:40 ~ 9:30 (입고시간 기준)에 예약하시면 총 수리비의 5%를 할인해 드립니다. (단, 인천/창원정비사업소, 속초바로정비: 오전 8:10 ~ 9:00 까지 할인)
굿모닝 예약 할인은 주중(월~금)에만 적용됩니다. (토/일요일 제외)
쉐보레 오토카드를 소지하신 경우 5% 추가 할인됩니다. (굿모닝 예약 할인에 한함)
▶ 오토카드
해당카드 제출 시 수리비의 5%를 현장에서 할인해 드립니다.
▶ 굿모닝예약 & 오토카드
총 수리비의 10% 를 할인해드립니다."
차량 관리,리모콘키 분실 후 일반키로 시동시 경보음 발생 해지 방법은 무엇입니까?,"과거에는 리모콘키로 도어를 잠근 후 수동키로 열면 도난 경보음이 작동하였으나, 최근 생산 되는 차량은 일반키를 리모콘키가 감지하여, 수동키로 도어를 열 경우 정상적인 도어 개폐로 인식하기 때문에 경보음이 작동하지 않습니다.
도난 경보 경고음은 리모콘키나 수동키를 사용하지 않고 다른 방법으로 도어, 트렁크, 엔진후드를 열 때 작동 됩니다. 단, 연식이 오래된 차량의 경우, 도난방지장치가 작동 중인 상태에서는 리모콘키를 사용하지 않고 수동키나 비정상적인 방법으로 도어 및 테일게이트를 열 경우 경고음이 작동됩니다.
리모콘키의 잠금 또는 풀림버튼을 누르면 경보음 작동이 멈춥니다. 즉, 리모콘키로 도난 경계에 진입한 경우 리모콘키 이외의 방법으로 도어를 열게 되면 비상등이 점멸하고 사이렌이 울리면서 도난 경보 상태가 됩니다. 기능상 해제는 사이렌이 28초 동안 작동 후 종료되게 됩니다."
차량 관리,모든 자동차 키를 분실한 경우 해결 방안은 무엇입니까?,"메인 리모콘키를 비롯 예비 키(보조키)까지 모두 분실을 한 경우라면, 키 박스 전체를 교환하셔야 합니다. 서비스 네트워크까지 차량 운행을 못하는 경우이므로, 견인을 통해서 입고를 하여 키 박스 교체 작업을 해야 합니다."
차량 관리,리모콘 키를 분실한 경우는 어떻게 해야하나요?,"순정 리모콘키는 당사 서비스 네트워크를 통해 구입이 가능합니다.
리모콘키 부품을 서비스센터 자재과를 통해서 구입하셔서 새로운 리모콘키와 해당 차량간 코드가 맞도록 셋팅을 하고, 리모콘키의 쇠 부분은 가지고 계신 여분의 키를 이용해 외부에서 복사를 하셔야 합니다."
차량 관리,핸들을 끝까지 돌렸을 때 소리가 나는데 해결방법은 무엇입니까?,"예측되는 몇 가지 사항
* 조향핸들과 조향핸들축 커버가 간섭
* 클럭스프링 불량
- 에어백 장착차량의 경우 조향핸들커버 안쪽에 에어백 모듈이 설치되고 이 에어백 모듈에 전기를 공급하기 위한 배선이 스프링 모양으로 감겨있는데, 이를 클럭스프링이라고 합니다. 이 클럭스프링이 조향핸들을 돌리는 과정에서 소음이 발생될 수 있습니다.
* 조향핸들축이 회전시 간섭
-조향핸들축과 바닥 고무패킹 부위가 간섭될 경우 핸들 조향시 마찰음이 발생됩니다.
* 조향핸들 기어박스의 고무패킹 윤활불량
-조향핸들 기어박스의 피니언기어축 고무부싱에서 주로 발생되며 피니언기어축이 회전할 때 마찰음이 발생됩니다.
* 파워핸들 오일펌프 불량
-파워핸들 오일펌프가 불량하거나 오일이 부족할 경우 핸들을 돌릴 때 소음이 발생됩니다.
* 파워핸들 오일펌프 벨트 불량
-파워 핸들 벨트의 재질이 불량하거나 장력이 약하여 슬립 발생시 소음이 발생됩니다."
차량 관리,하얀색 배기가스가 많이 나오는데 해결방법은 무엇입니까?,"일반적으로 날씨가 추우면 배기가스가 흰 색을 띠는 것이 보통입니다만,
엑셀을 밟을 때마다 하얀 연기가 뭉실뭉실 나오면 이것은 엔진오일이 타고 있다는 신호일 수 있습니다.
또 경우에 따라서는 연료에 불순물이 섞여 있을 경우나, 냉각수 부족으로 엔진이 과열 되었을 때에도 하얀 배기 가스가 나옵니다. 어떤 경우이든 하얀색의 배기가스가 나오면 우선 냉각수 상황과 엔진오일의 적정 여부부터 점검하는 것이 순서입니다.
만일 냉각수나 엔진오일이 적정 수준이거나, 아니면 교환한지 얼마 지나지 않았음에도 하연색 배기가스가 나온 상태라면, 피스톤이나 실린더 벽이 마모되어 틈새가 많이 벌어졌거나, 피스톤과 실린더의 작동이 원활하도록 엔진오일 양을 조정하는 피스톤 링이 손상되었거나, 차가 연식이 오래된 경우라면 엔진을 밀봉해 주는 가스켓이 손상된 경우도 원인일 수 있습니다."
차량 관리,엔진체크등이 들어왔는데 어떻게 해야 하나요?,"■ 배기가스 자기진단 장치
자동차의 배기가스 관련 부품의 고장으로 인해 배기가스가 특정 수준 이상으로 올라가면, 자기진단 장치가 계기판에 있는 엔진정비지시등을 작동시켜 차량 서비스를 받아야 함을 운전자에게 알려줍니다. 이 차량에서 엔진정비지시등은 점등되거나 점멸하도록 설정되어 있습니다. 배기가스 관련 부품에 문제가 없으면 점화 스위치를 켰을 때 이 지시등은 점등되었다가 시동 후 몇 초 있다 꺼집니다. 그러나 이 엔진 정비 지시등이 주행 중에 계속 켜져 있거나 점멸하면 배기가스 관련 부품에 문제가 있을 가능성이 있습니다. 이런 경우에는 다음과 같은 조치가 필요합니다.
▶ 엔진정비지시등이 점멸할 때
심각한 실화(misfire)가 발생할 경우 점멸됩니다. 실화는 배기가스를 증가시키고 심각한 경우, 배기가스 제어 시스템을 손상시킬 수 있습니다. 엔진 정비 지시등이 점멸할 때에는 차량 손상 및 시동 꺼짐을 막기 위해 다음과 같은 조치를 취하십시오.
- 속도를 줄이십시오.
- 급가속을 피하십시오.
- 가파른 언덕 주행을 피하십시오.
지시등이 점멸을 멈추고 점등 상태를 유지할 경우에는 ""엔진정비지시등이 점등할 때""를 참조하십시오.
지시등이 계속 점멸되면 차량을 안전한 곳에 주차하십시오.
엔진을 끄고 약 10 초 후 다시 엔진 시동을 건 후 잠시 기다리십시오.
이때 지시등이 점등되면 ""엔진정비지시등이 점등할 때""를 참조하십시오.
그러나, 지시등이 계속 점멸하면 차량을 가장 가까운 당사 정비망으로 가져가 점검 및 서비스를 받으십시오.
▶ 엔진정비지시등이 점등할 때
차량의 배기가스 제어 시스템에 문제가 있을 때 점등됩니다.
엔진정비지시등이 점등되면 다음과 같은 경우에 해당 되는지 점검한 후 적절한 후속 조치를 취하십시오.
최근에 연료를 주입하고 연료 캡이 불확실하게 잠겼을 경우 지시등이 점등될 수 있습니다. 이 경우, 연료 캡을 연 후 다시 닫으십시오. 연료 캡이 완전히 잠겨 있지 않거나 부정확하게 잠겨 있을 때 점검 시스템이 작동됩니다.
이 경우, 연료 캡을 제대로 완전히 잠그고 차량을 특정운행 모드(차량 시동 -> 20 분 이상 주행 -> 30 초 이상 정지 -> 엔진 정지)로 2∼3 회 운행하면 지시등이 꺼지고 문제가 해결될 수 있습니다.
또한, 차량을 물웅덩이가 있는 구간을 운행을 하였다면 지시등이 점등될 수 있습니다. 이런 상황에서 운행시 차량의 전자 시스템이 젖을 수 있습니다. 이때 점검 시스템이 작동되어 지시등이 점등될 수 있습니다.
이 경우, 전자 시스템을 말린 후 차량을 일반 운행 모드로 2∼3 회 운행하면 지시등이 꺼지고 문제가 해결될 수 있습니다.
최근 잘못된 연료를 차량에 주유한 경우에도 지시등이 작동할 수 있습니다.
잘못된 연료를 사용하면 차량 전체에 문제를 일으켜 지시등이 점등될 수 있습니다.이 경우, 탱크 내의 모든 연료를 올바른 연료로 교체한 후 차량을 일반 운행 모드로 2∼3 회 운행하면 지시등이 꺼지고 문제가 해결될 수 있습니다.
현재 상황이 위의 경우에 해당되지 않으면, 차량을 가장 가까운 당사 정비망으로 가져가 점검 및 서비스를 받도록 하십시오."
차량 관리,배터리 방전시 점프 방법은 무엇입니까?,"배터리 방전의 경우 (+)극 연결은 방전된 배터리의(+)의 단자에 케이블을 연결하고 정상 배터리의(+)에 다른 한쪽의 케이블을 연결합니다.
(-)극 연결은 정상 배터리의 (-)극을 케이블로 연결하고 방전 차량의 배터리(-)극에 케이블을 연결합니다.
이때 양극 케이블을 먼저 연결하고 나중에 음극 케이블을 연결하십시오. 연결을 완료후 방전 차량의 시동을 겁니다.
시동후 2~3분후 연결 케이블을 분리하며, 분리는 케이블 연결시의 역순으로 합니다."
차량 관리,필터교환후에도 에어컨 작동시 곰팡이 냄새를 제거하는 방법은 무엇입니까?,"일반적으로 공기온도 차이에 의한 냄새 발생이 있을 수 있는데, 최초로 작동되는 순간은 미처 차가워지지 않은 미지근한 바람이 나오다가 시간이 조금 지나 에어컨 가스(냉매)가 어느 정도 순환되면 찬 바람이 나오게 됩니다. 이렇게 공기의 온도변화가 심한 기간 중에는 그 온도차이에 의해 발생되는 냄새가 다소 날 수 있습니다.
그리고 에어컨 에바포레이터나 통풍구 안으로 이물질이 유입되는 경우, 주입된 이물질과 습기가 혼합되어 에바포레이터나 통풍구에 점착되면 세균번식 또는 부식에 의한 냄새가 발생됩니다. 따라서 에어컨을 켜고 주행을 하시다가 목적지에 도달하기 약 5분 정도 전에는 에어컨을 미리 꺼주시고, 그냥 송풍상태로 놓아주시면 냄새 발생을 예방할 수 있습니다."
차량 관리,신호 대기나 공회전시 자동변속기 위치는 N과 P 중 어떤 위치로 하는게 좋을까요?,"일반적으로 D에서 rpm이 낮은 것은 엔진 출력에 부하가 걸려있기 때문입니다.
부하가 걸려 있으면 그만큼 연료소비가 더 많이 되기 때문에 D상태보다는 N상태에서 연료소비는 더 적다고 볼 수 있습니다.
그러나 신호등이 바뀐 뒤 D상태로 옮기고 갑자기 액셀레이터를 밟으면 연료 소모량이 더 많아지기 때문에 대기시 D상태인지 N상태인지가 연비에 결정적인 영향을 미친다고 보기는 어렵습니다.
짧은 신호대기나 1분 이내의 정차시에는 D상태에 놓고, 그 이상일 경우 N으로 변속하는 것이 연비 향상에도 도움이 되고, 미션에도 무리를 주지 않는 가장 좋은 방법이라 할 수 있습니다."
차량 관리,수동변속기 출발시 몇단에서 하나요?,수동변속기는 1단에서 출발합니다.
차량 관리,P에서 기어가 빠지지 않습니다 어떻게 해야하나요?(쉬프트락),"변속기 P위치에서 다른 기어로 변속이 되지 않는다면, 우선 시동을 끈 상태에서 키를 기어박스에 있는 쉬프르록 릴리스 홈에 꽂아 주시고,
키를 꽂은 상태에서 변속레버의 측면 버튼을 눌러 P에서 N 위치로 옮기십시오.
다시 키를 빼서 시동을 걸고 변속레버를 D 위치로 옮겨 운행해주시기 바랍니다.
실 차를 보지 않은 상황이기 때문에 정확한 진단이 어렵습니다만, 셀렉트 레버의 'p'포지션 스위치의 이상, 브레이크 스위치의 손상, BTSI 유니트의 고장, BTSI 솔레노이드가 제어되지 않는 경우일 수 있습니다. 번거로우시더라도 가까운 쉐보레 서비스 네트워크로 입고하여 상세한 점검 받아보시기 바랍니다."
차량 관리,"침수, 폭설시 차량관리방법은 무엇입니까?","침수된 차량은 절대 시동을 바로 걸어서는 안되며, 24시간 이내 흙탕물 및 이물질을 제거/세척해야 합니다.
또한 직물로 된 시트는 분해하여 고압 분무기로 세척하고, 침수된 모든 부품을 분해하여 깨끗한 물로 세척 후 건조 시킵니다.
차체와 내장재 모두를 분리하여 세척하고 차체 및 건조된 모든 부품과 장치는 방청제를 충분히 도포하여야 합니다.
이때 전기장치 회로를 주의하여야 합니다. 엔진오일 등의 오일류는 모두 교환하며, 모든 부품과 장치를 조립 후 최종 전기 장치를 연결합니다.
폭설시 가능한한 지하주차장에 차량을 보관하시고, 불가능하여 야외 주차를 하실 경우, 차유리에 신문지나 박스를 덮어놓으면 결빙을 막는데 큰 도움이 됩니다. 또한 사이드 브레이크가 얼어 풀리지 않을 수 있으므로 평지에서 사이드 브레이크를 풀어놓는 것이 좋습니다.
또한 차유리에 결빙이 생겼을 경우, 억지로 긁어내지 말고 히터를 켜 녹이는 게 효과적입니다. 키홀더가 얼었을 경우에는 키를 라이터 불로 가열한 뒤 꽂으면 쉽게 열립니다. 폭설시 차량으로 급출발을 하면 바퀴가 헛돌기 쉬우므로 가속페달을 살짝 밟아 완만한 출발을 합니다.
또한 제동시 차량이 미끄러지면서 돌 경우, 브레이크에서 발을 떼야 차가 제방향을 잡으며, 브레이크를 밟기 전에는 기어를 2단이나 1단으로 낮춰 속도를 줄이는 것이 안전합니다. 워셔액과 부동액은 미리 월동용으로 챙기는 것이 중요하며, 눈길을 운행한 뒤에는 도로위에 뿌려진 염화칼슘이 차에 달라붙어 부식을 일으키므로 반드시 차량 하부 세차를 해주는 것이 좋습니다."
차량 관리,내비게이션 업데이트 시 USB 및 SD카드 용량은 어떻게 되나요?,"토스카, 윈스톰 뉴클래스 DMB 내비게이션 USB 용량은 8기가입니다."
차량 관리,템포러리 임시 타이어를 적용한 이유는 무엇입니까?,"일부 차량의 경우, 템포러리 타입의 스페어 타이어가 적용되어 있습니다.
템포러리 타이어는 펑크가 났을 때 가까운 서비스센터까지 이동하기 위한 임시타이어로, 투박하지만 가벼운 임시 휠을 쓰고, 타이어의 편평비도 작게 바뀌었다는 점이 기존 스페어 타이어와의 다른 점 입니다.
높이는 정상 타이어와 똑같지만 휠사이즈는 1~2인치 정도 작아 정상품이 아닌 것처럼 보일 수 있으나, 기존의 스페어 타이어에 비해 응급상황에서의 조치를 손쉽게 할 수 있으며, 무게의 경량화로 인하여 연비 향상에도 기여하는 장점이 있습니다."
차량 관리,리페어 킷을 적용한 이유는 무엇입니까?,"일부 차량의 경우, 차량의 무게를 증가시키는 스페어 타이어를 제거하고, 운전자가 손쉽게 응급처리를 할 수 있는 ""타이어 리페어 킷""을 적용하였습니다.
타이어 리페어 킷은 기존 스페어 타이어를 대체하는 제품으로, 펑크가 났을 때 액체 봉합제를 컴프레셔를 통해 타이어에 주입하여 손상된 타이어를 임시 수리할 수 있어 편리하며, 현재 해외의 다수 차량이 리페어 킷을 적용하는 추세입니다."
차량 관리,동절기 스노우 체인 장착시 체인 장착 위치는 어디입니까?,스노우 체인은 구동축(전륜 - 앞바퀴 / 후륜 - 뒷바퀴)에 장착을 하시면 됩니다.
차량 관리,차종별 핸들 사이즈를 문의하려면 어떻게 해야하나요?,"라노스 (줄리엣) 핸들 사이즈 넓이 385mm , 높이 154mm
라세티 380 π (mm)
라세티 프리미어 370mm
마티즈 크리에이티브 370mm
매그너스 390mm
알페온 380mm
올란도 370mm
아베오 370mm"
차량 관리,차종별 와이퍼 사이즈 문의(리어와이퍼 / 좌 우 와이퍼 분리하여)하려면 어떻게 해야하나요?,"에스페로 / 19 / 19 / -
프린스 / 19 / 19 / -
브로엄 / 19 / 19 / -
아카디아 / 21.6(555MM) / 18.7(480MM) / -
씨에로 / 18.9(480MM) / 18.9(480MM) / -
넥시아 / 18.9(480MM) / 18.9(480MM) / 18.9(480MM)
레간자 / 22 / 19 / -
매그너스 / 22 / 20 / -
스테이츠맨 / 22 / 20 / -
레조 / 24 / 19 / 15
마티즈 / 20 / 16 / 14
뉴마티즈 / 22 / 14 / 12
마티즈 크리에이티브 / 23 / 15 / 12.4
칼로스 / 22 / 16 / -
칼로스V / 22 / 16 / 15
젠트라 / 22 / 16 / -
젠트라X / 22 / 16 / 15
아베오 / 650MM / 380MM / 265MM
라세티 / 22 / 19 / -
라세티왜건 / 22 / 19 / 13.78(350MM)
라세티5 / 22 / 19 / 15.7(400MM)
라세티프리미어 / 24(605MM) / 18(455MM) / -
토스카 / 22 / 20 / -
윈스톰 / 24 / 16 / 12
윈스톰 맥스 / 23(600MM) / 15(400MM) / 12(315MM)
올란도 / 24(600MM) / 19(475MM) / 250MM
G2X / 15.7(400MM) / 21.6(550MM) / -
베리타스 / 650MM / 380MM / -
알페온 / 645MM / 440MM / -"
차량 관리,차종별 네비게이션 업데이트 방법 (홈페이지 / 서비스센터)은 무엇입니까?,"순정 내비게이션은
대성엘텍(고객지원센터 ☎ 031-650-1891) 제품입니다.
대성엘텍 홈페이지 http://www.dseltec.co.kr 를 통해 다운로드 받아주시거나, 쉐보레 직영 서비스센터로 방문하여 업데이트를 받아보시기 바랍니다.
차종 및 내비게이션 모델에 따라 CD를 구입하여 업데이트를 하는 방식도 있으니 보다 자세한 사항은 한국지엠 고객센터 ☎ 080-3000-5000 로
문의하시면 상세히 안내 받아보실 수 있습니다."
차량 관리,RPM게이지가 오르락 내리락 반복하는 이유는 무엇입니까?,"RPM이 불안정한 원인으로는 우선 스로틀포지션센서의 이상을 원인으로 생각해볼 수 있습니다.
스로틀포지션센서는 스로틀밸브의 열림량을 감지하는 센서로, 공회전, 가속, 감속 상태 등의 신호를 ECM에 제공하여 연료의 분사량, 점화시기 등을 보정하여 주는 역할을 합니다. 만약 스로틀포지션센서에서 차량 상태를 제대로 감지하지 못하였을 경우 ECM에 잘못된 프로그램이 입력되고, 적절한 RPM으로 조절되지 않을 수 있습니다.
IAC밸브의 이상도 예측해볼 수 있으므로 IAC는 엔진의 운전조건에 따라 ECM이 각종 센서의 정보를 받아 적절한 RPM이 되도록 공기량을 조절해주는 역할을 합니다. 역시 IAC밸브가 공기량을 제대로 조절하지 못할 경우 RPM이 불안정해지게 되고 시동이 꺼질 수 있습니다.
정확한 것은 저희 쉐보레 서비스 네트워크로 입고하여 상세한 점검 받아보시기 바랍니다."
차량 관리,장마철 겨울철 성에 재거 요령에 대해 알고싶습니다.,"겨울철 유리에 낀 서리나 성에, 눈을 제거할 때에는 히터 송풍구를 차창쪽으로 향하게 하고, 어느 정도 녹인 후에 제거하는 것이 좋습니다.
성에 제거제를 미리 구입해 두거나 주차때 신문지 같은 것으로 차 유리를 덮어 놓으면 불편을 덜 수 있습니다."
차량 관리,연료 부족 경고등 점등시 주행 가능한 거리는 어떻게 됩니까?,"운전자의 주행 성향 및 도로 주행조건, 차량 속도 등에 따라 실제 주행가능 거리는 달라질 수 있습니다. 잔류 연료량과 고객님의 평소 운행 연비로 계산을 해보시면 가장 정확합니다."
차량 관리,차종별 연료 부족 경고등 점등시 대처하는 방법은 무엇입니까?,"보통 승용차는 연료 최대 주입량의 10% 정도가 남으면 연료 경고등이 켜집니다.
연료탱크 용량이 70리터인 중.대형차라면 7리터 정도 남았을 때 경고등이 점등됩니다. 평균 연비를 계산하면 50~60km는 더 달릴 수 있으나 교통정체가 심한 지역이거나 급한 마음에 무리하게 가속 또는 감속하면서 운행한다면 더 빨리 연료가 바닥납니다.
불가피하게 연료가 부족해 시동이 꺼지는 상황이 발생하더라도 자동차 보험사의 긴급출동서비스를 이용하시면 비상급유 서비스가 지원되기 때문에 크게 걱정하지 않으셔도 됩니다.
여의치 않을 경우에는 차체를 힘껏 몇 차례 흔들면 울퉁불퉁하게 생긴 연료탱크 바닥에 남아있는 연료가 찰랑거리면서 연료라인으로 흡입돼 짧은 시동이 걸립니다.
도로상에서 차가 멈췄을 때 가까운 안전지대까지 움직이는데 유용한 방법이나, 여러차례 시동을 걸면 스타트모터가 손상될 수 있으므로 무리하지 않는 게 좋습니다."
차량 관리,연료 탱크 용량보다 연료가 많이 들어가는 원인은 무엇입니까?,"연료탱크 용량보다 연료가 더 들어갈 수 있습니다.
차량 제원표에 기재하는 용량은 차량운행 시 안전확보를 위해 여유공간을 고려해서 주입할 수 있는 주유량을 나타내기 때문이며, 노즐까지 꽉 채운다면 더 많이 들어갈 수 있습니다. 가솔린이 액체이기 때문에 기온변화에 따른 열팽창계수나, 가솔린에서 발생하는 증발가스의 체적(베이퍼덤)까지 고려해서 일정 %의 안전계수를 두어 설계를 하기 때문에 실제 탱크의 용량은 커지게 됩니다.
또한, 주유시에는 차량의 위치 및 기울임, 주입속도 등에 따라서 주유되는 양이 달라질 수 있으며, 주유 조건에 따라 초과 주유가 가능할 수 있습니다."
차량 관리,"예열, 후열 방법에 대해 알고싶습니다.","예열방법:
차량예열은 1~2 분이 적당합니다. 처음 시동을 걸어놓으면 RPM 은 높으나 시간이 지나면서 RPM수는 낮아지고 엔진의 소리도 달라지며 보통 RPM 이 1000 이나 그 이하로 내려가면 충분히 예열이 된 것입니다.
(계기판에는 천 단위로 되어있어서 1 이나 그 이하로 내려가야 합니다) 차마다 다르지만 보통 1000 이나 그 이하가 가장 적당합니다.
후열방법:
단거리 주행시를 제외하고 후열은 주행 후 목적지에 도착하시기 10분 정도 전쯤부터 서행하시는 것으로 힘드시면 주차 후 약 1분 정도 기다렸다가 시동을 끄는 게 가장 좋습니다. 여름철에는 엔진의 열이 갑작스럽게 식지 않기 때문에 30초에서 1분정도면 충분합니다. 겨울은 날씨가 추운 반면,
차량의 엔진은 뜨거우니 엔진을 그냥 꺼주시면 엔진의 높은 온도가 겨울철의 차가운 날씨에 반응을 하게 되어 차에 좋지 않습니다."
차량 관리,DPD 재생시 주행 방법에 대해 알고싶습니다.,"DPF 표시등이 점등 또는 점멸되면 도로와 교통 상황에 맞춰 약 15분 동안 50km/h 이상으로 주행하시기 바랍니다. 매연입자가 일정량 이하로 내려가면 DPF 표시등은 소등됩니다. DPF 표시등이 점등 또는 점멸 도중에 시동을 끄면, 연료 소모율 증가 또는 엔진오일 수명이 감소할 수 있습니다.
특히 점멸할 경우에는 반드시 DPF 표시등이 소등될 때까지 주행 상태를 유지하시기 바랍니다."
차량 관리,DPF 재생을 내 차만 자주 하는 이유는 무엇입니까?,"DPF에 쌓이는 매연을 태우는 작업을 재생이라 하며, DPF는 DPF에 매연입자가 일정량 이상이고, 주행조건이 재생에 가능하면 재생 작동을 합니다.
그러므로 매연이 많이 발생하는 차량은 재생을 자주하게 되고, 매연 발생이 적은 차량은 재생 간격이 길어지게 됩니다.
잦은 DPF 작동으로 인해 염려가 되신다면 정비 기사분이 실 차 점검을 통해 정확히 진단해드릴 수 있도록 저희 쉐보레 서비스 네트워크로
입고하여 주시기 바랍니다."
차량 관리,DPF 경고등이 점등되는 원인은 무엇입니까?,"DPF는 매연여과장치(Diesel Particulate Filter)로, 엔진에서 연소된 후의 배기가스를 줄이고 매연의 입자를 포집하여 대기중 매연 방출을 최소화 하는 역할을 합니다.
DPF에 매연입자가 일정량 이상 모이면 DPF 표시등이 점등 또는 점멸될 수 있으며, DPF 표시등이 점등 또는 점멸되면 ""재생"" 과정을 통해 매연입자는 연소되어야 합니다.
이 표시등이 점등 또는 점멸되면 도로와 교통 상황에 맞춰 약 15분 동안 50km/h 이상으로 주행하시기 바랍니다.
매연입자가 일정량 이하로 내려가면 DPF 표시등은 소등됩니다."
차량 관리,O/D OFF 경고등이 계속 점등되는 원인은 무엇입니까?,"자동변속기의 오버드라이브 해제 버튼을 누르면 계기판에 O/D OFF 표시등이 점등되면서 오버드라이브 기능이 해제되어 1단~3단으로만 주행하게 됩니다.
다시 한 번 스위치를 누르면 표시등이 소등되면서 1단~4단으로 주행 가능한 오버드라이브 모드로 전환됩니다.
오버드라이브 모드 해제는 변속 시 누르는 자동변속기 레버 측면을 보시면 작은 버튼이 하나 더 있습니다.
이 버튼이 오버드라이브 버튼이며, 버튼을 누르면 오버드라이브 모드로 전환이 되고, 다시 한 번 누르면 오버드라이브가 해제됩니다."
차량 관리,동절기 차량 관리 요령에 대해 알고싶습니다.,"일반타이어에 비해 겨울용 타이어는 눈길정지거리 테스트가 강하며, 타이어 점검시 중앙선과 옆면의 마모한계선까지 타이어가 닳아있으면 교체해주어야 합니다. 타이어의 공기압도 겨울철엔 공기를 약간 덜 채워넣어 타이어의 접지력을 높입니다.
겨울철 부동액의 알맞은 비율은 부동액과 물을 5:5 비율로 섞습니다. 부동액이 많이 남아있더라도 푸른빛이 아닌 갈색이나 붉은빛이라면 교환해주어야 합니다. 부동액은 그 지방 최저온도보다 5도 정도 낮게 맞춰줘야하며, 수도권의 경우 영하 25도 정도, 스키장을 자주가는 경우 영하 30~영하 35도 정도 맞춰줍니다.
배터리는 화학적 특성상 영하의 날씨가 되면 원래보다 20%정도 성능이 떨어지기 때문에 평상시 잘 걸리던 시동이 겨울철에는 잘 걸리지 않습니다. 대부분 배터리에는 표면에 지시등이 있어 배터리의 상태를 점검할 수 있으며, 정상일 때는 녹색, 검은색일 때는 전해액 보충, 흰색일 때는 교환을 해주어야 합니다. 또한 히터 점검으로 따뜻한 바람이 나오지 않을 경우는 히터 모터가 돌아가지 않는 것이므로, 이때에는 퓨즈와 전기장치를 점검합니다. 히터의 모터 계통에 고장이 발생한 경우에는 모터를 교환해줘야 합니다. 히터 모터를 비롯해 소형 모터류는 수리를 해서 재사용하는 것이 아니라, 소모품이기 때문에 통째로 교체해주어야 합니다. 겨울에는 창문을 닫고 히터를 가동하므로 차량의 공기오염이 문제가 되는데, 차량의 항균필터의 실내공기필터를 15,000km 마다 갈아주어야 합니다. 겨울철에는 기온의 변화가 심하기 때문에 엔진오일 점검을 해서 교환시기가 됐다면 미리 교환해주어야 합니다. 특히 노면이 좋지 않은 겨울철에는 브레이크 오일, 브레이크 패드, 라이닝을 함께 점검해주는 것이 좋습니다."
차량 관리,가을철 차량관리 방법에 대해 알고싶습니다.,"여름철 바닷가 여행 직후 세차를 꼼꼼히 해줘야 염분으로 인한 차체의 부식 촉진을 방지할 수 있습니다.
도어와 트렁크를 활짝 열고 먼지와 이물질 등을 제거하고, 또한 곰팡이가 끼었는지 자세히 살피고, 곰팡이 제거제등을 사용하여 깨끗이 청소합니다.
엔진 룸 청소는 엔진 본체와 실린더 헤드 커버 등에 끼어있기 쉬운 기름 먼지를 닦아내는 것이 우선 할 일이고, 엔진 오일, 브레이크 오일이나 냉각수 등이 새는지 면밀히 점검해야 합니다. 만약 새는 곳을 발견하면 가까운 정비업체에서 점검을 받도록 합니다.
겨울철에 대비하여 낡은 타이어는 미리 교환해 놓는 것이 좋으며, 타이어의 트레드 마모 등를 검사하고, 옆면의 상처와 흠을 점검해 보아야 합니다.
또한 스노우 체인도 미리 꺼내 녹 등을 제거하고, 사용방법에 대해서도 한번쯤 습득해 놓아야 합니다."
차량 관리,여름철 차량 관리 방법에 대해 알고싶습니다.,"여름철 가장 많이 사용하는 에어컨은 날씨가 더워지기 전에 미리 작동 상태를 확인해보시기 바랍니다.
(에어컨은 계절에 관계없이 에어컨 장치를 보호하기 위해 일주일에 5~10분간 작동시켜 주시기 바랍니다.)
냉각장치는 엔진의 과열을 방지해주시는 역할을 합니다. 미리 냉각장치와 냉각수의 양을 점검하시기 바랍니다.
장마철이 오기 전에 와이퍼 작동 상태를 점검해보시기 바랍니다.
뜨거운 노면 위에서 브레이크 페달을 자주 밟으면 패드와 라이닝이 가열되어 페이드 현상을 일으키며 제동거리가 길어질 수 있습니다.
브레이크의 이상유무를 점검해보시기 바랍니다."
차량 관리,봄맞이 차량 관리 방법에 대해 알고싶습니다.,"겨울철 염화칼슘을 뿌린 도로를 주행한 경우에는 차체 하부 부식 예방을 위해 반드시 세척을 하시기 바랍니다.
황사가 자주 일어나는 봄에는 에어컨필터와 공기청정기 필터 등의 오염도를 점검하여 쾌적한 실내 환경을 유지시켜 주시기 바랍니다.
스노우 타이어를 사용하셨다면 다시 일반 타이어로 교체해주시고, 겨울철 노면과의 마찰력을 높이기 위해 타이어 공기압을 규정치보다 낮춘 경우에는 다시 규정 공기압으로 높여주시기 바랍니다."
차량 관리,세차시 유의사항은 무엇입니까?,"1) 세차시 가급적 그늘에서 작업해주십시오. 또한 차량 표면의 물방울이 렌즈역할을 해서 물방울 아래에 있는 도장면을 손상시킬 가능성이 있습니다. (워터스팟 현상)
2) 세차 스펀지가 항상 충분한 물기와 카샴푸를 머금도록 자주 적셔주십시오.
3) 항상 높은 곳에서부터 작업합니다. (지붕-본넷, 트렁크순)
4) 1시간 이상의 고속주행후 바로 세차하시지 마십시오. 고속주행후 휠 및 디스크 로터는 매우 뜨겁습니다. 이상태에서 차가운 물을 뿌리면 디스크로터가 열변형으로 휘게 됩니다."
차량 관리,최초 소모품 교환 시점(엔진오일 등)이 언제인지 알고싶습니다.,"일반적으로 엔진 제조 시에 생길 수 있는 슬러지를 배출하기 위해 1,000km 주행 후 엔진오일을 교환하였으나 최근에 생산되는 차량은 엔진 제조 기술이 향상되어 이와 같은 점을 염려하지 않으셔도 됩니다. 따라서 취급설명서에 안내된 주기점검표를 참고로 매 15,000km 또는 12개월 마다 교환을 하시면 됩니다. 단, 짧은 거리의 반복적인 주행 및 정차, 출발이 잦은 시내주행으로 공회전 및 저속 운행이 빈번하거나, 비포장도로를 자주 주행하였을 경우에는 교환주기보다 자주 교환해 주시는 것이 좋습니다.
간혹 정비 현장에서 정비사들께서 현장 경험을 토대로 이른 오일 교환을 권장하는 경우도 있는데, 주행 환경이나 차량 상태에 따라 적절한 시기에 소모품을 교환해주는 것이 최적이니 취급설명서의 교환주기를 준수하시되 정비사의 의견을 잘 수렴하여 차량 상태에 맞게 소모품 관리를 해주신다면 보다 효과적인 차량관리를 하실수 있습니다."
차량 관리,신차 길들이는 방법을 알고싶습니다.,"1) 과속, 급가속, 급제동 등을 삼가합니다.
2) 차량을 길들인다고 정지시나 주행시 엔진회전수를 지나치게 높게 상승시키는 것은 잘못된 방법이며, 엔진 회전수가 3,000rpm 이내의 범위에서 주행하도록 합니다.
3) 가급적 가혹 조건에서의 운행(정체지역 반복주행, 비포장도로, 산악지역 및 험로운행 등)을 삼가합니다.
4) 주행 속도에 알맞는 변속을 합니다.
5) 장시간 엔진을 공회전시키지 않습니다.
6) 에어클리너의 청결유지 및 출고상태의 차량외관을 유지합니다."
차량 관리,기존 지엠대우 차량도 서비스센터 이용이 가능한가요?,"지엠대우 서비스 네트워크가 그대로 쉐보레 서비스 네트워크로 전환되는 것이므로, 변경된 쉐보레 서비스 네트워크를 이용하시면 됩니다."
차량 관리,"기존 차량 구입시, 지엠대우가 제공한 보증 수리 조건은 유지가 되는지?","기존의 지엠 대우 차량을 구매하실 때 제공키로 한 보증 수리 조건은 동일하게 유지되며, 쉐보레 직영 및 협력 서비스 네트워크에서 현재와 동일하게 받으실 수 있습니다."
차량 관리,가솔린 차량을 LPG로 개조할 수 있나요?,"LPG 차량으로의 구조 변경은 개조 작업에 해당하여 규정에 의해 저희 쉐보레 서비스센터에서는 작업해드릴 수 없는 점 양해 부탁드립니다.
장애 등급을 받으셨다면 계신 지역의 관할 구청을 통해 개조허가를 받으시고, 허가 시 안내해드리는 지정 개조업체로 작업을 의뢰해주십시오."
차량 관리,오토 차량인데 언덕에서 뒤로 밀려요.,"일반적으로 오토 차량도 언덕길에서 정차 후 출발 시에는 언덕의 경사에 따라 다소 뒤로 밀릴 수 있습니다.
이는 변속레버를 ""D"" 레인지에 놓고 브레이크를 떼면 가속페달을 밟지 않더라도 차량이 서서히 움직이는 클리핑(Cleeping:서서히 끌려나감) 상태라고 볼 수 있습니다. 따라서, 평지에서는 앞으로 약간 전진을 하고, 언덕에서는 차량의 하중으로 뒤로 밀리게 됩니다.
이 문제는 클리핑 상태에서의 유압을 강하게 해줌으로 인하여 밀리는 현상을 감소시킬 수 있으나, 변속기의 내구성을 떨어뜨리는 단점이 있습니다.
따라서, 미션의 내구성 향상을 위하여 유압을 더이상 강화하지 않은 이유로 차량이 뒤로 밀리는 현상은 정상적인 현상라고 말씀드릴 수 있습니다.
경사진 곳을 운행하실 때에는 D 위치가 아닌 저단기어를 사용해보신다면 훨씬 더 부드러운 운행이 되실겁니다.
그러나, 뒤로 밀리는 정도가 지나칠 정도로 심하게 느껴지신다면 엔진공회전 속도의 불량이나, 자동변속기 내 오일펌프 유압의 저하, 자동변속기 오일의 부족 등이 원인이 될 수 있습니다. 많이 염려가 되실 정도라면 가까운 쉐보레 서비스센터를 통해 상세한 점검 받아보시길 부탁드립니다."
차량 관리,주행중 시동이 꺼지면 어떻게 해야하나요?,"시동꺼짐 현상은 그 원인이 다양하기 때문에 전문정비사를 통해 시동꺼짐 현상이 재현되어야만 정확한 정비가 이뤄질 수 있습니다. 사이버상으로는 정확한 진단이 어렵습니다만, 참고가 되시도록 시동 꺼짐 현상에 관한 몇 가지 원인을 안내해드리겠습니다.
*정차시 시동꺼짐
냉간시 진동 발생과 함께 시동꺼짐 - 연료펌프, 연료누출 확인
냉간시 진동없이 스르르 시동꺼짐 - IAC밸브, 배선/커넥터 점검
열간시 시동꺼짐 - 주행거리에 따른 소모품 및 점화계통 점검
*주행중 시동꺼짐
요철도로 운행중 시동꺼짐 - 배터리 터미널 조임, 연료탱크 수분 유입 확인
선회시(U턴 포함) 시동꺼짐 - 파워 스티어링 스위치 점검
일반도로 주행중 시동꺼짐 60km/h이상 - 연료점검, 커넥터 접촉불량
60km/h이하 - 엔진배선 접촉 불량
* 재시동시 꺼짐
재시동 후 RPM정상 - IAC 리셋팅, IAC 청소
재시동 후 RPM비정상 - 진공누설 점검, 엔진 센서 점검
안내해드린 사항은 예측에 불과하오니, 가까운 쉐보레 서비스센터를 방문하시어 보다 상세한 점검 및 수리 받아보시길 바랍니다.
견적 상담 신청"
오토카드,"신차 구입시 부부, 형제, 자녀 등 사용 가능한 포인트 범위는 무엇입니까?",쉐보레 자동차 신차 구입 시 부모/배우자/자녀 포인트를 합산하여 최대 200만 포인트까지 사용 가능합니다.
오토카드,오토포인트 확인하는 방법은 무엇입니까?,"오토포인트는 쉐보레 홈페이지의 쉐비케어 → 마이 쉐보레 → 포인트 조회 또는 고객센터(☎ 080-3000-5000)를 통해 확인 가능합니다. 그리고 해당 카드사를 통해서도 확인 가능합니다.
- 삼성카드 : 홈페이지 www.samsungcard.co.kr 고객센터 ☎ 1588-8700
- 롯데카드 : 홈페이지 www.lottecard.co.kr 고객센터 ☎ 1577-8500"
오토카드,오토포인트 양도가 가능한지 알고싶습니다.,오토포인트는 양도할 수 없습니다.
오토카드,오토포인트 기부가 가능한지를 알고싶습니다.,"오토포인트는 차량 구입 및 정비시 이용 가능하며, 기부 제도는 없습니다."
오토카드,오토포인트 사용 및 오토카드 할인(정비시 5%) 중복 가능한지를 알고싶습니다.,"오토포인트 사용 및 오토카드 할인은 중복 적용 가능합니다.
쉐보레 오토카드로 수리비 결제 시 5% 현장 할인(지정정비는 공임 5% 할인) 해 드리며, 할인된 금액에서 오토포인트를 사용하시면 됩니다.
단, 오토포인트는 정비시 1일 1회 3만, 연 10만 포인트 한도 내에서 사용 가능합니다."
오토카드,연체시 포인트 적립 가능 여부를 알고싶습니다.,"차량 구매 시 미리 차감된 선포인트 금액은 선포인트 결제일로부터 정해진 상환기간 내에 선포인트서비스 대상카드 이용금액(일시불 및 할부금)의 2~5%에 상응하는 선포인트를 이용하여 상환하게 됩니다. 단, 선포인트 서비스 이용 차량 구매를 위한 카드 결제 금액에 대해서는 500만원까지는 2%(10만원에 해당)의 상환율이 적용되며, 초과금액에 대해서는 해당카드의 기본 포인트가 적립됩니다.
가족카드가 선포인트 서비스 대상카드인 경우, 해당 가족카드 이용시에도 동일 기준으로 선포인트 금액이 자동 상환됩니다.
선포인트는 선포인트 금액에 상환되는 포인트로 적립형 포인트가 아닙니다.
선포인트는 선포인트 서비스 이용 전에 신청에 의해 제공되며, 선포인트의 금액은 1포인트 당 1원으로 환산되어 적용됩니다."
오토카드,기존 지엠대우 오토카드는 그대로 사용하면 되나요?,"네, 남은 유효기간 동안 그대로 사용하시면 됩니다."
오토카드,잔여 선포인트 확인 방법은 무엇입니까?,"잔여 선포인트는 해당 카드사 홈페이지나 선포인트 센터, 대금 청구서를 통해 확인 가능합니다
선포인트 센터
- 삼성카드 선포인트센터 ☎ 1588-8750
- 롯데카드 선포인트센터 ☎ 1577-8700
홈페이지
- 삼성카드 홈페이지 : www.samsungcard.co.kr
- 롯데카드 홈페이지 : www.lottecard.co.kr"
오토카드,"선포인트 상환 방법, 상환기한은 어떻게되나요?","차량 구매 시 미리 차감된 선포인트 금액은 선포인트 결제일로부터 정해진 상환기간 내에 선포인트서비스 대상카드 이용금액(일시불 및 할부금)의 2~5%에 상응하는 선포인트를 이용하여 상환하게 됩니다. 상환기간은 차종, 선포인트 금액 및 카드사에 따라 다릅니다.
▶ 트레일블레이저 / 트랙스 크로스오버
- 선포인트 금액 : 30만원
- 상환기간 : 삼성 22개월, 롯데 24개월"
오토카드,"오토카드 변경 시, 그 동안의 포인트는 (Autopoint 이외에 카드사 포인트) 사용가능 한가요?","네, 기 적립 포인트(오토포인트 및 각 카드사 운영 포인트)는 기존과 동일하게 사용가능 합니다."
오토카드,선포인트가 무엇인가요?,"선포인트는 포인트로 먼저 할인받을 수 있는 포인트 할인 프로그램입니다.
견적 상담 신청"
통합계정 및 홈페이지 이용,통합계정이란 무엇인가요?,한 개의 계정으로 GM의 모든 브랜드 차량을 관리하고 모든 브랜드의 온라인 서비스를 이용 할 수 있는 통합계정 시스템 입니다.
통합계정 및 홈페이지 이용,GM 통합계정에는 어떻게 로그인 하나요?,본인의 이메일과 비밀번호 설정 및 본인인증을 통해 GM 통합계정 회원가입을 하실 수 있습니다. 한 번의 회원가입으로 GM의 모든 브랜드 홈페이지 및 앱에서 로그인 하실 수 있습니다.
통합계정 및 홈페이지 이용,비밀번호를 잊었을 때는 어떻게 해야 하나요?,홈페이지 및 앱 통합계정 로그인 화면 하단에 비밀번호 찾기 링크를 통하여 재설정 하실 수 있습니다.
통합계정 및 홈페이지 이용,내 이메일 혹은 비밀번호를 바꿀 수 있나요?,"변경은 홈페이지를 통해 가능하며, 로그인 후 회원정보 페이지 메뉴에서 보안 >> 이메일 변경을 통해 이메일을, 보안 >> 비밀번호 변경 을 통해 비밀번호를 변경 하실 수 있습니다. 안내에 따라 인증 절차를 완료해주세요."
통합계정 및 홈페이지 이용,내 계정에서 차량 추가 등록 또는 삭제는 어떻게 하나요?,홈페이지에서 로그인 후 오른쪽에 내 계정 아이콘을 클릭하시면 차량 관리 메뉴에 접속하실 수 있습니다. 안내에 따라 차량을 등록 또는 삭제 하실 수 있습니다.
통합계정 및 홈페이지 이용,온스타 서비스를 사용하고 싶습니다. 통합계정이 있어야 하나요?,통합계정에 가입해야 온스타 계정을 생성할 수 있습니다. 통합 계정은 홈페이지 회원가입을 통해 생성 가능합니다.
통합계정 및 홈페이지 이용,가입한 이메일을 잊었습니다. 어떻게 찾을 수 있나요?,"홈페이지 내 이메일 계정 찾기 링크를 통해 본인 인증을 완료 하시면 기 등록된 이메일을 확인 하실 수 있습니다.
(https://www.chevrolet.co.kr/member/id-check.gm )"
통합계정 및 홈페이지 이용,통합계정 탈퇴 (혹은 통합계정 회원 삭제)는 어떻게 하나요?,통합계정 탈퇴 (혹은 통합계정 회원 삭제)는 홈페이지를 통해 요청할 수 있습니다. 고객 아이디로 홈페이지에 로그인한 후 화면 오른편 상단의 계정을 클릭하시면 통합계정 탈퇴 메뉴를 확인하실 수 있습니다. 완료되면 고객님의 이메일을 통해 알림을 보내드립니다.
통합계정 및 홈페이지 이용,이전 통합 계정 전환 캠페인에 참여하지 않았습니다. 어떻게 로그인 해야 하나요?,통합계정 전환 캠페인에 참여하지 않으셨으면 이전 계정 정보는 모두 삭제 됩니다. 새 이메일로 회원 가입을 진행 해 주세요. 차고에 해당 차량을 등록하시면 이전 정비 이력 및 구매 이력을 확인 하실 수 있습니다.
통합계정 및 홈페이지 이용,회원 탈퇴 후 재가입시 동일한 이메일로 가입 가능한가요?,회원 탈퇴(또는 계정 삭제) 후 동일한 이메일로 재가입 가능합니다.
통합계정 및 홈페이지 이용,홈페이지 회원가입 시 본인 인증 방법에 대해서 알고 싶습니다.,"고객님의 소중한 개인정보 보호를 위해 NICE신용평가정보의 안심체크 서비스와 아이핀 인증을 통해 본인 인증을 할 수 있습니다.
안심체크 서비스는 NICE신용평가가 보유한 고객정보(생년월일, 성별, 성명, 유선전화 또는 주소)로 본인인증을 제공합니다.
또한, 최초 1회 안심패스를 설정하시면, 추후 간편한 절차로 안전하게 본인 인증을 할 수 있습니다. NICE신용평가정보에서 제공하는 개인정보와 고객님께서 입력하신 정보가 일치하지 않는 경우, 안심체크 서비스로 본인 인증에 실패하게 되며 이때는 아이핀 인증으로만 본인인증이 가능합니다."
통합계정 및 홈페이지 이용,안심체크로 본인 인증에 실패하였습니다. 본인 인증을 할 수 있는 다른 방법은 무엇인가요?,"안심체크로 본인의 생년월일, 성별, 성명 정보로 인증이 되지 않을 경우 먼저 안심체크의 인증 실패 안내에서 실명확인 재시도를 하시고 실명 정보를 등록하시면 됩니다. 실명확인에 필요한 전화번호, 주소 정보가 확인이 안되면 아이핀 인증 버튼을 선택하여 아이핀을 신규 발급받으시고 기존에 아이핀을 발급받은 고객님의 경우에는 보유하고 계신 아이핀으로 실명확인을 하시면 됩니다."
통합계정 및 홈페이지 이용,고객센터 운영시간은 어떻게 되나요?,"평일 고객센터 운영시간은 09:00~18:00 입니다.
일요일을 제외한 토요일, 공휴일은 09:00~17:00 입니다. (12:00~13:00 상담 불가) 일요일 및 설날(음력)과 추석 당일은 휴무입니다.
쉐보레 홈페이지 1:1 게시판 문의는 365일 24시간 언제든지 가능하며, 답변은 08:00~24:00에 이루어집니다.(설날과 추석 당일은 휴무입니다.)
긴급출동은 연중무휴 24시간 상담 가능합니다.
견적 상담 신청"
장애인 차량,현재 판매 중인 장애인 차량은 무엇입니까?,보통 장애인 차량은 각 제조사별 중형 세단(LPG)을 장애인 차량으로 판매합니다. 현재 쉐보레에서 판매중인 장애인용 차량은 없습니다.
장애인 차량,장애인용 가격은 면세 가격인가요?,"현재 쉐보레에서 제공되는 장애인용 가격표는 없습니다.
대상이 되신다면 카매니저를 통해 면세가격을 확인하실 수 있습니다."
장애인 차량,장애인 중 면세 가능한 등급은 어떻게 되나요?,"면세로 구입할 수 있는 등급은 일반장애인1~3급, 국가유공장애인1~7급, 고엽제 후유증 환자, 5.18 민주화 운동부상자 1~14급 입니다."
장애인 차량,몇대까지 장애인 차량 구입 가능한지요? (한 가족에 장애인 2인일 경우 등),"일반 승용차의 경우 1인 기준 1대 구입 가능하며, 가족중 장애인 2명일 경우, 각자의 명의로 차량 구입 가능합니다."
장애인 차량,LPG 구조변경 방법을 알고싶습니다.,"가솔린 차량 구매후 LPG 구조변경을 원하는 경우 장애가 있는 당사자 및 가족(직계존비속)이 신청해야 하며, 구조변경 승인 신청은 시,군,구청 교통행정과에 자동차 등록증, 장애인 수첩, 주민등록등본, 구조변경신청서, 제원대비표, 연료변경 전,후도면을 제출 승인 받습니다.
자세한 내용은 자동차관리법 제34조 / 자동차관리법시행령 제8조를 참조하여 주시기 바랍니다.
→ 고객께서 구조변경한 내용에 대해서는 회사에서 보증 책임지지 않습니다."
장애인 차량,장애인과 공동명의 구입시 가능 조건을 알고싶습니다.,"주민등록표상 세대를 함께하는 배우자, 직계존비속, 형제 자매의 경우, 직계비속의 배우자와 공동명의로 구입 가능합니다.
단, 5년 이상 보유를 해야 합니다. 만약 5년 이전에 명의 변경시에는 동일 조건(면세 해당 고객)의 고객에게 양도를 해야 합니다.
이를 위반시에는 추징대상이 될 수 있습니다."
장애인 차량,장애인 사망시 차량 승계 방법을 알고싶습니다.,"LPG 전용일 경우에는 가족이 승계할 수는 없으며, 장애인이나 국가유공자에게 판매하는 수밖에 없습니다.
LPG 전용은 팔아야 하는데 돌아가신 분이 차를 팔 수는 없으므로 상속이전을 먼저 해야 합니다.
LPG 겸용일 경우에는 장애인 및 국가유공자에게 판매하거나, LPG를 탈착하면 가족이 승계할 수 있습니다.
장애인 및 국가유공자가 1년 안에 사망하게 되면 어차피 지방세(취득세, 등록세, 자동차세)를 내야 합니다.
하지만 개별소비세는 매매를 할 경우 타신만큼의 면세금액을 환불하셔야 합니다.
예를 들어, 1년을 사용했다면 4년치를 환불하면 됩니다. 개별소비세를 면세받는 장애인(1~3급) 및 국가유공자(1~7급까지)에게 판매하면 환불을 안하셔도 됩니다."
장애인 차량,장애인 구입 혜택은 어떻게 되나요?,"장애인 차량 구입시 등급에 따라 세금 혜택이 있습니다.
- 개별소비세 : 면세 (국세)
→ 일반장애 1~3급, 국가유공자 1~7급, 고엽제 후유증 환자(고도,중도,경도(1~3급)), 5.18민주화운동 부상자 1~14급
- 지방세 (2,000cc 이하) : 면세(통합취득세, 자동차세)
→ 일반장애 1~3급, 시각장애 1~4급, 국가유공자 1~7급, 고엽제 후유증 환자(고도,중도,경도(1~3급)), 5.18민주화운동 부상자 1~14급
- 지방세 (2000cc 초과) : 과세(통합취득세, 자동차세)
- 채권매입 : 면제
→ 국가유공자 1~7급, 고엽제 후유증 환자(고도,중도,경도(1~3급)), 5.18민주화운동 부상자 1~14급, 장애인복지법에 의해 장애인으로 등록된 자가 본인 명의 또는 주민등록상 거소를 같이 하는 보호자와 공동명의로 구매하는 차량 1대
※ 보다 자세한 사항은 구매정보 → 구매가이드 → 장애인차량 안내를 참조하여 주시기 바랍니다."
장애인 차량,장애인 차량은 모두 뒤 트렁크에 가스통이 있나요?,"네, 모두 있습니다.
견적 상담 신청"
마이링크,Divx Code 등록하는 방법 ?,만약 Divx코드가 등록되지 않으면 BYOM에서 지원하지 않을 수 있습니다.
마이링크,차량에서 무전기를 사용 시 MyLink 와의 간섭,"일부 무전기에서
- 차량에서 무전기를 사용할 경우, 주파수 간섭이 발생하여 FM Radio 청취 중 잡음이 섞여 들릴 수 있습니다.
- 또한, 차량에서 무전기를 사용 시, 무전기로부터 나오는 전자파 간섭으로 인해 iPod/iPhone 의 유선 연결(iPod Cable) 이 끊어지는 현상이 발생할 수 있습니다."
마이링크,Bluetooth music을 듣던 중 Incoming/Outgoing Call 전화통화를 한 후에 previous 음악이 바로 재생되지 않는 경우,"- Phone마다 다르게 동작할 수 있는 기능으로, Play/Pause 버튼을 한번더 눌러 주시기 바랍니다.
- BT를 통해 음악 재생중, 통화가 걸려오면 Mylink에서는 ""Music stop""명령을 보내며, 통화가 끊기면 ""Music Restart""명령을 내립니다. 이때, 특정 폰들은 Mylink에서 ""Music restart""를 보내기 전에 Phone Side에서 ""Restart""명령을 보냅니다. 이때 2가지 명령이 뒤엉켜서 Restart가 될 수도, Pause상태로 있을 수도 있습니다."
마이링크,Bluetooth를 통해 Hands-Free 콜을 하던 중 자동으로 Private mode로 들어가는 경우,"- 특정 Phone은 Phone의 OS S/W 업데이트를 통해 해결 할 수 있습니다.
- Phone이 Hands-Free Call명령을 내리고 Mylink측에서는 Phone을 통해 음성 입력을 받기위해 준비되어 있으나 실제로 Phone에서 음성 출력을 Bluetooth로 보내주지 않고 Phone Speaker를 통해 출력하여 발생하는 현상 입니다.
- Private Mode 정상 작동을 하는 경우 : 아래와 같은 팝업이 뜨며, 우측 하단에 Private Mode 아이콘이 활성화 됩니다. 그러나 아래의 팝업이 뜨지 않고, Private Mode아이콘이 활성화 되지 않는 경우는 폰측에서 잘못된 정보를 보내는 것 입니다.
- Phone에서 제대로된 동작을 하는지 판단 하는 방법 :
1. Hands-Free Mode
- Phone에서 소리가 안나야 합니다. 이경우, Mylink를 통해 소리가 출력됩니다.
2. Pivate Mode
- Phone에서 소리가 나야 합니다. Mylink에서는 소리가 안나옵니다."
마이링크,"Phone을 USB Jack을 통해 연결하여 Video/Music재생하려는 경우, 인식 실패할 수 있습니다.","iphone / ipod : Music
기타(외장메모리로 인식불가) : X
기타(외장메모리로 인식가능) :
Music/video (USB stick과 동일)
- Smart Phone이 USB로 연결되었다 하더라도, Mass storage로 인식이 안될 경우에는 video 및 Music 재생이 불가능 합니다. 이는 PC에서 별도의 Driver를 설치해야 볼수 있는 것과 같은 이치입니다.
- Phone이 Mass storage로 인식하는지의 여부는, 컴퓨터를 USB로 연결하였을 경우 별도의 Driver 설치 없이 USB처럼 사용할수 있는지의 여부를 확인해 보는 방법이 있습니다.
- 스마트폰 제조사별 프로그램 업데이트 후 어느 순간에는 USB가 지원 되었다가 갑자기 안될 수도 있고, 또한 그 반대 상황이 될 수도 있습니다."
마이링크,UC3 (Steering Wheel Switch) 이용방법 ?,"- Adjust Volume : +(increase) / -(decrease)
- Call/VR(누르고 있을경우): Voice Recognition[PTT(Phone To Talk)]
- 위/아래 조절, 위/아래 누르고 있을 경우는 SEEK
가운데 누를 경우 Audio Source 변경(AM/FM/USB...)
- Mute / Hang-up"
마이링크,폰북 다운로드 실패(Android OS phone),"폰북 다운로드 의사를 묻는 팝업이 뜨지 않았으며 바로 폰북 다운로드 Fail 팝업이 뜨는 경우 핸드폰 Power OFF후 Power ON (핸드폰 Re-Booting)
Bluetooth기능(실행중인 서비스)중 BluetoothPbapService기능이 중지 되어 있지 않아야 합니다. (설정 -> 응용 프로그램 -> 실행 중인 서비스 에서 확인 가능)"
마이링크,Audio 재생 순서,"Phone 및 iPod장치의 재생순서에 따릅니다.
- Mylink는 오직 Phone 및 iPod 장치로부터 신호를 받아 Audio sound만을 제공하기에 재생순서 는 각종 Phone 및 iPod장치의 재생순서를 따릅니다."
마이링크,"Bluetooth 음악 재생 모드에서, 빨리감기/되감기/랜덤재생/반복재생 실패하는 경우",Phone에서 해당기능을 지원하지 않을 경우 BYOM에서 해당 기능을 사용하지 못합니다.
마이링크,지원가능한 폰임에도 불구하고 Blue Tooth Pairing 실패 하는 경우,"- Phone 및 BYOM Side에서 Paired list삭제 후 Pairing 재시도
- Phone 재부팅 후 재시도
- 폰이 주체가 되어 paired list를 선택하여 연결 시도 시 BYOM에 link key가 없을 경우 페어링 동작을 수행하여야 하지만 지속적으로 link key 요청만 하여 연결이 안되어 fail 될수 있습니다. 이는 Phone Side 문제로 양 Side에서 Paired list를 삭제 또는 Phone을 부팅하신후 다시 시도하시기 바랍니다."
마이링크,"일부 폰의 경우 Bluetooth 연결시, Mylink 접근시에 비밀번호를 누르시오 라는 Pop-up 이 뜹니다.","Mylink의 비밀번호는 Bluetooth pairing시에 묻는 PIN CODE입니다.
이는 Blue Tooth connection(Pairing)시에 요청 되어지는 Code입니다.
""settings-connection settings-bluetooth settings-change PIN code""를 통해 변경 할 수 있습니다.
견적 상담 신청"
내비 업데이트,텔레나브 내비게이션 SD카드 구매방법,"쉐보레 정품 SD카드는 인근 쉐보레 정비사업소 또는 위즈빌 네이버 쇼핑몰에서 구입이 가능 합니다.
- 쉐보레 정비사업소 찾기
https://www.chevrolet.co.kr/chevy/as.gm
- 위즈빌 네이버 쇼핑몰
https://smartstore.naver.com/wizvilstore
- SD카드 가격 : 2만원 (VAT 포함)
- 정비사업소 방문 전 사업소와 통화하여 재고 유무를 확인 부탁드립니다."
내비 업데이트,텔레나브 내비게이션 업데이트 방법,"텔레나브 내비게이션은 쉐보레 홈페이지를 통하여 업데이트 받으실 수 있으며, 관련 자세한 업데이트 방법은 아래 링크를 통해 확인하실 수 있습니다.
https://www.chevrolet.co.kr/telenav/navigation-update"
내비 업데이트,텔레나브 내비게이션 적용 차종,"더 뉴 말리부(2019년형 차량부터), 이쿼녹스(2019년형 차량부터), 더 뉴 카마로(2019년형 차량부터), 콜로라도, 트래버스, 트레일블레이저, 볼트 EUV, 볼트 EV(2022년형 차량부터)"
내비 업데이트,루센 내비게이션 업데이트 하는 방법,"루센 내비게이션 관련 자세한 업데이트 방법은 아래 링크를 통해 확인하실 수 있습니다.
http://www.rousen.com/GM/"
내비 업데이트,루센 내비게이션 적용 차종,"말리부 (2018년형 차량 까지), 크루즈 (2018년형 차량 까지), 임팔라, 알페온, 토스카, 이쿼녹스 (2018년형 차량 까지), 올란도, 캡티바 등 더 자세한 사항은 아래 링크를 통해 확인하실 수 있습니다.
http://www.rousen.com/GM/car_select.asp
견적 상담 신청"
Android Auto / Apple CarPlay,Apple CarPlay 관련 주요 기능 및 호환 모델,"Apple CarPlay 관련 주요 기능에 대해서 아래 링크를 통해서 확인 하실 수 있습니다.
https://www.apple.com/kr/ios/carplay/"
Android Auto / Apple CarPlay,Android Auto 관련 주요 기능 및 문의 사항,"Android Auto 관련 주요 기능 및 문의 사항은 아래 링크를 통해 확인 하실 수 있습니다.
https://www.android.com/intl/ko_kr/auto/faq
견적 상담 신청"
Online Shop,브라우저에 상관없이 온라인 샵을 이용할 수 있나요?,"10버전 이하의 인터넷 익스플로러를 사용하실 경우, 온라인 샵 서비스 이용이 원활하지 않을 수 있습니다.
온라인 샵 서비스는 크롬과 마이크로소프트 엣지 브라우저에 최적화되어 있으니 해당 브라우저를 통한 접속을 권장해 드립니다."
Online Shop,견적 임시저장 기간은 얼마나 되나요?,"기본적으로 견적서를 보관하는 기간은 3개월 동안 보관되며, 3개월이 지난 경우 자동 삭제 됩니다."
Online Shop,견적임시저장 기능이 있나요?,"주문서 제출 직전에 견적서 저장을 클릭해야만 견적서 저장이 됩니다.
주문서 작성 중 페이지를 이탈할 경우 주문서 저장이 안되어 처음부터 새로 작성해야하니, 이점 유의 부탁드립니다."
Online Shop,대리인 출고시 필요한 서류 및 준비사항은 무엇인가요?,"대리인 방문시 가족은 업무 협조전(딜러 발급), 가족관계 증명서, 방문하시는 분 신분증, 가족이 아닌 경우 업무 협조전(딜러 발급), 위임장, 인감증명서, 방문하시는 분 신분증을 준비해 주시기 바랍니다."
Online Shop,직접 출고 방법 및 필요 서류가 궁금합니다.,"신분증(주민등록증, 운전면허증, 여권 中 택1) 지참하여 출고사무소 방문해 주세요.
자세한 내용은 https://www.chevrolet.co.kr/purchase/consignment.gm 참고 바랍니다."
Online Shop,법인 할부 구매시 필요한 서류는 무엇인가요?,캐피탈사로부터 별도 안내를 통해 진행될 예정입니다.
Online Shop,할부 구매시 필요한 서류는 무엇인가요?,캐피탈사로부터 별도 안내를 통해 진행될 예정입니다.
Online Shop,현금 구매시 필요한 서류는 무엇인가요?,"구매하실 차종과 조건에 따라 다릅니다.
자세한 내용은 주문 진행하신 후에 대리점에서 안내 드릴 예정입니다."
Online Shop,신용카드 복수 사용 가능한가요?,"신용카드 개수에 제한 없이 한국지엠 가맹 카드를 사용하여 자유로운 결제가 가능합니다.
(한국지엠 가맹카드: 삼성, KB, 신한, BC, 하나, 롯데카드 )"
Online Shop,할부 원금을 바꾸고 싶은데 어떻게 하면 되나요?,계약서 확정여부에 따라 필요절차가 상이합니다.계약서 수정은 대리점과 협의하여 주시기 바랍니다.
Online Shop,본인 명의 카드가 아니어도 결제가 가능한가요?,"자동차 구입대금 결제 시 본인 이외의 제3자 신용카드를 이용한 결제는 불가능 합니다.
당사자간의 동의여부를 불문하고 구매자 이외의 신용카드를 이용한 거래는 여신전문금융업법 제19조에 위반됩니다.
따라서 계약자 본인 이외의 제3자 신용카드는 사용하실 수 없습니다."
Online Shop,세금계산서 발행 절차 및 장소가 궁금합니다.,"세금계산서는 출고시 출고사무소에서 지급되어 차량 내부에 비치되며, 추가 발급이 필요한 경우 구매 대리점을 통해 재발행 가능합니다."
Online Shop,가족 포인트 합산 사용 가능 범위가 어떻게 되나요?,쉐보레 자동차 신차 구입 시 부모/배우자/자녀 포인트를 합산하여 최대 200만 포인트까지 사용 가능합니다.
Online Shop,가족 오토 포인트 사용 방법은 어떻게 되나요?,"가족(부모/배우자/자녀)의 오토포인트는 쉐보레 홈페이지 회원가입 또는 카드사 고객센터를 통해 조회 하실 수 있으며, 온라인샵 구매혜택 페이지에서 사용하실 수 있습니다.
추후 가족관계 증명서를 제출해야 합니다.
(삼성카드 고객센터 : 1588-8700 / 롯데카드 고객센터 : 1588-8100)"
Online Shop,면세는 어떤 경우 해당되나요?,"면세는 개별소비세법 제18조에 의해 명시된 장애인,렌터카,택시 구입시 해당됩니다.
개별소비세 면세 대상 장애인은 다음과 같습니다.
1. 「국가유공자 등 예우 및 지원에 관한 법률」에 따른 국가유공자 중 장애인
2. 「장애인복지법」에 따른 장애인중 장애의 정도가 심한 장애인(1~3등급)으로 한정한다
3. 「5ㆍ18민주유공자예우에 관한 법률」에 따른 5ㆍ18민주화운동부상자로서 같은 법 제7조에 따라 등록된 사람
4. 「고엽제후유의증 등 환자지원 및 단체설립에 관한 법률」에 따른 고엽제후유의증환자로서 경도 장애 이상의 장애등급 판정을 받은 사람"
Online Shop,선포인트 상환 방법 및 기간은 어떻게 되나요?,"차량 구매 시 미리 차감된 선포인트 금액은 선포인트 결제일로부터 정해진 상환기간 내에 선포인트서비스 대상카드 이용금액(일시불 및 할부금)의 2~5%에 상응하는 선포인트를 이용하여 상환하게 됩니다.
상환기간은 차종, 선포인트 금액 및 카드사에 따라 다릅니다.
자세한 내용은 https://www.chevrolet.co.kr/finance/buying-guide/pre-point 를 참고 하시기 바랍니다."
Online Shop,선포인트가 무엇인가요?,"선포인트는 고객님께서 대상카드를 이용하여 쉐보레 차량을 구입하실 경우, 최대 30만 원까지 미리 차감한 금액으로 구입할 수 있는 프로그램입니다."
Online Shop,온라인 구매를 위해 사전에 준비할 것들은?,구매하실 차종과 차량대금 지불 방법에 따라 다릅니다. 자세한 내용은 주문 진행하신 후에 대리점에서 안내 드릴 예정입니다.
Online Shop,개명했는데 휴대폰 인증에서 에러가 나는 경우는 어떻게 해야하나요?,"쉐보레 홈페이지에 가입된 회원 정보와 휴대폰 인증의 이름이 일치하지 않아 발생하는 문제입니다.
고객 센터(080-3000-5000)를 통해 개인정보 수정 후 온라인 구매 진행하여 주시기 바랍니다."
Online Shop,본인 명의 휴대폰이 아니면 서비스이용이 불가한지?,본인을 식별하기 위한 휴대폰 인증을 사용하고 있어 반드시 본인 명의의 휴대폰이 필요합니다.
Online Shop,비회원은 온라인 구매가 불가한지?,"회원만 온라인 구매가 가능합니다.
본인 확인, 기존 구매 이력, 오토포인트 등을 조회하기 위해 웹 회원 가입이 필수입니다.
견적 상담 신청"
EV 리콜,기존에 90% 충전 제한에서 이번에 80% 충전 제한으로 최대 충전량을 축소한 이유가 무엇인가요?,"GM Engineering에서 조사한 결과, 80%로 낮추게 되면 화재발생으로의 전환을 보다 방지할 수 있기 때문입니다.
동시에 90% 상태에서 준수해야 하는 사항(충전 주기 및 주차장소)에 대한 제한을 해지하여, 주행거리 감소를 제외한 고객의 사용환경을 복원시킴으로써 보다 안전한 차량사용을 할 수 있게 만들기 위함입니다."
EV 리콜,소프트웨어 업데이트를 하면 어떤 점이 달라지나요?,"신규 진단 소프트웨어 업데이트 리콜은 차량의 최대 충전 용량을 80%로 설정 하는 내용을 포함하며, 고객들은 소프트웨어 업데이트 이후 다음 사항들과 같이 차량을 보다 편리하게 사용할 수 있게 됩니다.
* 실내에서 밤새 차량 충전 가능
* 앞선 지침으로 배터리 잔여 주행가능 거리가 70마일(약 113km) 이하로 떨어지지 않도록 당부한 바 있으나 그 이하의 경우에도 차량 주행에 문제가 없음
* 충전 이후 실내 주차 가능"
EV 리콜,고객이 직접 목표 충전 레벨 설정 방법을 통해 최대 충전 용량을 80%로 변경할 수는 없나요? 반드시 정비 네트워크로 입고하여 소프트웨어 업데이트를 받아야 하나요?,"MY19 차량은 개별로 80% 충전 레벨 설정이 가능하지만, 이번 리콜은 고객의 안전하고 편리한 차량 사용을 위해 고전압 배터리의 이상 작동 여부를 진단할 수 있는 한층 강화된 신규 진단 소프트웨어가 적용된 리콜이므로 반드시 입고하여 조치 받아야 합니다.
MY17-18 차량은 자체 변경 불가하므로 117개의 쉐보레 서비스센터를 반드시 방문하여 조치를 받으시기 바랍니다."
EV 리콜,최대 충전량을 80%로 제한하는 소프트웨어 업데이트 리콜 작업은 얼마나 소요되나요?,"사전 예약을 통해 방문하시면 소프트웨어 업데이트에 약 1시간 30분 정도 소요되며, 실제 작업시간은 추가서비스 여부와 서비스센터의 사정에 따라 달라질 수 있습니다."
EV 리콜,최대 충전량을 80%로 제한하면 기존보다 더 자주 배터리를 충전해야 하는데 고전압 배터리 성능에 영향은 없나요?,금번 소프트웨어 업데이트는 배터리 성능과는 무관합니다.
EV 리콜,"고전압 배터리 교환 작업을 위해 서비스센터 입고 하루 전(24시간 이내)에는 고전압 배터리 충전을 하지 말고, 서비스센터 입고 시 고전압 배터리는 90% 미만의 충전 상태에 있어야 하는 이유는 무엇인가요? 90% 이상의 충전 상태에서는 고전압 배터리 교환이 불가능한가요?","배터리의 상태가 안정된 조건에서 교환작업이 이루어져야 작업중의 안전과 원활한 배터리 교환 작업을 통해 예정된 시점에 차량을 고객에게 전달할 수 있으며, 90% 이상의 배터리 충전 상태에서는 안전을 고려한 규정상 고전압 배터리 교환작업이 불가합니다.
따라서 추가 대기 시간이 발생되므로 방문 전 요청 드린 사항을 준수해 주시기 바랍니다."
EV 리콜,이번에 고전압 배터리를 교환하게 되면 교환 후 부터 고전압 배터리 보증기간이 새롭게 적용 되나요?,"서비스 센터에서 고전압 배터리를 교환한 날짜로부터 배터리의 보증은 8년 16만km로 새롭게 적용됩니다.
견적 상담 신청"
