시도코드,시도명,제품코드,평균가격,DIFF
00,전국,B027,1858.23,1858.23
00,전국,B034,2333.59,2333.59
00,전국,C004,1573.64,1573.64
00,전국,D047,1843.37,1843.37
00,전국,K015,1097.84,1097.84
01,서울,B027,1904.3,0.0
01,서울,B034,2405.22,-0.27
01,서울,C004,1682.69,-0.09
01,서울,D047,1885.93,-0.14
01,서울,K015,1156.13,1.41
02,경기,B027,1854.77,1.96
02,경기,B034,2331.79,1.57
02,경기,C004,1586.82,-0.79
02,경기,D047,1837.41,1.72
02,경기,K015,1098.23,6.43
03,강원,B027,1869.92,3.81
03,강원,B034,2324.14,0.0
03,강원,C004,1554.0,-0.12
03,강원,D047,1859.36,3.83
03,강원,K015,1128.61,15.13
04,충북,B027,1865.37,3.77
04,충북,B034,2331.8,0.43
04,충북,C004,1565.33,-0.05
04,충북,D047,1850.65,3.89
04,충북,K015,1089.46,14.95
05,충남,B027,1864.84,2.5
05,충남,B034,2327.13,2.11
05,충남,C004,1561.87,0.27
05,충남,D047,1850.33,2.48
05,충남,K015,1104.64,12.3
06,전북,B027,1859.39,4.18
06,전북,B034,2329.66,0.76
06,전북,C004,1554.46,0.2
06,전북,D047,1846.52,4.18
06,전북,K015,1061.47,11.94
08,경북,B027,1852.47,2.68
08,경북,B034,2292.64,0.0
08,경북,C004,1566.29,0.13
08,경북,D047,1838.06,2.63
08,경북,K015,1086.04,11.11
09,경남,B027,1853.24,2.47
09,경남,B034,2335.2,1.85
09,경남,C004,1584.97,-0.41
09,경남,D047,1837.33,2.15
09,경남,K015,1079.27,10.76
10,부산,B027,1841.03,1.07
10,부산,B034,2315.14,0.0
10,부산,C004,1629.98,0.0
10,부산,D047,1824.24,0.93
10,부산,K015,1086.77,0.0
11,제주,B027,1888.75,-0.26
11,제주,B034,2400.56,0.0
11,제주,C004,1563.26,-1.51
11,제주,D047,1870.06,-0.13
11,제주,K015,1133.53,-1.28
14,대구,B027,1830.61,2.13
14,대구,B034,2320.27,0.0
14,대구,C004,1594.82,0.0
14,대구,D047,1815.37,1.67
14,대구,K015,1117.09,10.35
15,인천,B027,1844.82,0.12
15,인천,B034,2311.76,1.92
15,인천,C004,1588.04,-1.0
15,인천,D047,1828.78,0.41
15,인천,K015,1094.77,0.0
17,대전,B027,1836.62,-0.54
17,대전,B034,2306.17,0.0
17,대전,C004,1579.32,0.0
17,대전,D047,1824.94,-0.28
17,대전,K015,1070.72,2.32
18,울산,B027,1837.0,1.34
18,울산,B034,2296.42,0.0
18,울산,C004,1600.83,0.0
18,울산,D047,1826.54,2.05
18,울산,K015,1106.23,3.23
19,세종,B027,1855.05,-0.64
19,세종,B034,2313.14,0.0
19,세종,C004,1536.67,0.0
19,세종,D047,1841.32,-0.65
19,세종,K015,1100.86,0.0
20,전남광주,B027,1861.45,1.15
20,전남광주,B034,2322.04,-1.2
20,전남광주,C004,1562.45,0.0
20,전남광주,D047,1849.4,0.9
20,전남광주,K015,1108.18,6.99
